aggregate_delivered_MB_per_second_max,aggregate_delivered_MB_per_second_median,aggregate_delivered_MB_per_second_min,allocation_failure_count_max,allocation_failure_count_median,allocation_failure_count_min,blocked_count_max,blocked_count_median,blocked_count_min,blocked_time_ns_max,blocked_time_ns_median,blocked_time_ns_min,drop_count_max,drop_count_median,drop_count_min,drop_rate_max,drop_rate_median,drop_rate_min,experiment,latency_p50_ns_max,latency_p50_ns_median,latency_p50_ns_min,latency_p90_ns_max,latency_p90_ns_median,latency_p90_ns_min,latency_p99_ns_max,latency_p99_ns_median,latency_p99_ns_min,message_size_bytes,messages_per_second_max,messages_per_second_median,messages_per_second_min,messages_published_max,messages_published_median,messages_published_min,messages_received_total_max,messages_received_total_median,messages_received_total_min,overflow_policy,profile,publish_attempts_max,publish_attempts_median,publish_attempts_min,publisher_cpu_percent_max,publisher_cpu_percent_median,publisher_cpu_percent_min,publisher_logical_MB_per_second_max,publisher_logical_MB_per_second_median,publisher_logical_MB_per_second_min,publisher_rss_bytes_max,publisher_rss_bytes_median,publisher_rss_bytes_min,queue_overflow_count_max,queue_overflow_count_median,queue_overflow_count_min,repetitions_total,repetitions_valid,subscriber_count,subscriber_cpu_total_percent_max,subscriber_cpu_total_percent_median,subscriber_cpu_total_percent_min,subscriber_rss_total_bytes_max,subscriber_rss_total_bytes_median,subscriber_rss_total_bytes_min,transport,valid_result
0.06103482940848852,0.061033719699339434,0.061033519721615595,0.0,0.0,0.0,0.0,0.0,0.0,0.0,0.0,0.0,0.0,0.0,0.0,0.0,0.0,0.0,main,154347.0,154093.0,153101.0,233602.10000000003,217771.10000000003,215708.1,371070.25,347592.6200000001,329526.0400000003,64,999.9946450286759,999.9764635539773,999.9731871189499,5000.0,5000.0,5000.0,5000.0,5000.0,5000.0,block_with_timeout,latency,5000.0,5000.0,5000.0,10.776719318347192,10.378023944803186,10.37773174546624,0.06103482940848852,0.061033719699339434,0.061033519721615595,28520448.0,28418048.0,28397568.0,0.0,0.0,0.0,3,3,1,39.915476710781476,39.31506862434068,38.9164940454984,28606464.0,28585984.0,28540928.0,ros2,True
0.06103381655772656,0.06103242542736316,0.06103194319893752,0.0,0.0,0.0,0.0,0.0,0.0,0.0,0.0,0.0,0.0,0.0,0.0,0.0,0.0,0.0,main,173737.5,169980.0,162937.0,307124.9,306146.9,303944.1,466796.5200000001,446354.49000000174,414858.39,64,999.9780504817919,999.955258201918,999.9473573713923,5000.0,5000.0,5000.0,5000.0,5000.0,5000.0,block_with_timeout,latency,5000.0,5000.0,5000.0,8.382013187116371,8.18263322014614,8.182480152992818,0.06103381655772656,0.06103242542736316,0.06103194319893752,4624384.0,4616192.0,4603904.0,0.0,0.0,0.0,3,3,1,4.19102641982559,4.1910065935581855,3.9915284000712883,4734976.0,4702208.0,4689920.0,shm_copy,True
0.06103420156522596,0.06103393912339279,0.06103328057522136,0.0,0.0,0.0,0.0,0.0,0.0,0.0,0.0,0.0,0.0,0.0,0.0,0.0,0.0,0.0,main,159976.0,157164.0,145603.0,294395.9,276118.0000000001,275095.60000000003,453505.0400000007,402481.0600000003,391247.19,64,999.9843584446621,999.9800585976675,999.9692689444267,5000.0,5000.0,5000.0,5000.0,5000.0,5000.0,block_with_timeout,latency,5000.0,5000.0,5000.0,8.980046329855732,8.182130910099811,7.583450950456941,0.06103420156522596,0.06103393912339279,0.06103328057522136,4661248.0,4657152.0,4624384.0,0.0,0.0,0.0,3,3,1,4.390244872373913,3.991283370780397,3.7917254752284704,4734976.0,4730880.0,4698112.0,shm_loan,True
0.06103419928258261,0.06103387640623209,0.06103156072207581,0.0,0.0,0.0,0.0,0.0,0.0,0.0,0.0,0.0,0.0,0.0,0.0,0.0,0.0,0.0,main,83709.5,80688.5,77981.0,113670.0,112506.00000000001,111415.70000000001,222191.6800000011,172048.14000000045,164038.45000000022,64,999.9843210458334,999.9790310397066,999.94109087049,5000.0,5000.0,5000.0,5000.0,5000.0,5000.0,block_with_timeout,latency,5000.0,5000.0,5000.0,5.588146063586306,5.188988356485848,5.188799795070028,0.06103419928258261,0.06103387640623209,0.06103156072207581,4378624.0,4358144.0,4358144.0,0.0,0.0,0.0,3,3,1,3.9915329025616466,3.7919530297396578,3.7918152348588667,4399104.0,4386816.0,4358144.0,uds,True
1.3894142416619817,1.365706917773802,1.311692222014315,0.0,0.0,0.0,0.0,0.0,0.0,0.0,0.0,0.0,63900.0,48472.0,45737.0,0.36352465311555987,0.29866969000511423,0.29856192596170794,main,96137.5,90417.0,88057.5,1560554.500000001,704854.4000000004,629244.8999999999,4039629.9900000053,3721517.74,1903604.299999996,64,22764.162935389908,22375.74214080597,21490.765365482537,175779.0,162293.0,153191.0,113821.0,111879.0,107454.0,block_with_timeout,throughput,175779.0,162293.0,153191.0,116.75083515465442,115.35424336792425,115.3520131737577,2.145734197654262,1.9811124970088825,1.8700043105198032,28512256.0,28475392.0,28450816.0,0.0,0.0,0.0,3,3,1,124.13507601058984,121.5410626489029,121.53871284224643,28598272.0,28569600.0,28495872.0,ros2,True
8.129855999781629,7.982904895515674,7.800641024729997,0.0,0.0,0.0,164582.0,163283.0,158123.0,1724398266.0,1715265628.0,1667890494.0,0.0,0.0,0.0,0.0,0.0,0.0,main,46740.5,46275.5,45878.0,76954.6,75795.70000000003,72623.5,205001.55000000022,159165.33000000007,152767.05000000025,64,133199.5607004222,130791.9138081288,127805.70254917628,667200.0,653960.0,639049.0,667200.0,653960.0,639049.0,block_with_timeout,throughput,667200.0,653960.0,639049.0,70.04841524333423,70.04823774718477,67.85289091556113,8.129855999781629,7.982904895515674,7.800641024729997,4636672.0,4628480.0,4620288.0,0.0,0.0,0.0,3,3,1,89.80566056837722,87.41062146229895,87.01135423289605,4669440.0,4665344.0,4628480.0,shm_copy,True
9.312643386989809,9.240304366448424,9.192109661667288,0.0,0.0,0.0,12769.0,12226.0,10697.0,338115038.0,296028585.0,273038789.0,0.0,0.0,0.0,0.0,0.0,0.0,main,20808.0,19719.5,18540.0,44283.80000000001,41734.799999999996,40942.1,170915.73999999993,115932.28000000004,112080.67999999992,64,152578.34925244102,151393.14673989097,150603.52469675685,762892.0,756966.0,753019.0,762892.0,756966.0,753019.0,block_with_timeout,throughput,762892.0,756966.0,753019.0,88.81025328822737,88.61004025908417,87.21503110041601,9.312643386989809,9.240304366448424,9.192109661667288,4657152.0,4657152.0,4620288.0,0.0,0.0,0.0,3,3,1,87.21503110041601,87.01409086217333,85.81602998064457,4669440.0,4657152.0,4657152.0,shm_loan,True
9.187984943375005,9.033376533909367,8.771549151946425,0.0,0.0,0.0,0.0,0.0,0.0,0.0,0.0,0.0,0.0,0.0,0.0,0.0,0.0,0.0,main,552893.0,534297.0,528640.0,869454.4,842165.0,829074.0000000001,1534099.9000000004,1186793.76,1181602.6,64,150535.94531225608,148002.84113157107,143713.06130549024,752701.0,740101.0,718597.0,752701.0,740101.0,718597.0,block_with_timeout,throughput,752701.0,740101.0,718597.0,39.71450871376812,39.51437960205739,38.11878825709391,9.187984943375005,9.033376533909367,8.771549151946425,4378624.0,4345856.0,4337664.0,0.0,0.0,0.0,3,3,1,99.78519777328674,99.38825419912446,99.38465172638676,4329472.0,4325376.0,4276224.0,uds,True
0.12206841169952037,0.12206784516705921,0.12203171390673248,0.0,0.0,0.0,0.0,0.0,0.0,0.0,0.0,0.0,3.0,0.0,0.0,0.0003,0.0,0.0,main,154322.0,153783.0,151833.0,237916.10000000006,225761.8,220544.30000000002,459773.8300000005,365574.3599999994,340711.9200000001,64,999.9844286424709,999.979787608549,999.6838003239525,5000.0,5000.0,5000.0,10000.0,10000.0,9997.0,block_with_timeout,latency,5000.0,5000.0,5000.0,14.597310130334055,14.369044491554964,14.169962937663765,0.06103420584976019,0.0610341672035273,0.061033922583529604,28839936.0,28798976.0,28725248.0,0.0,0.0,0.0,3,3,2,82.22286570167563,80.82866182751866,80.18522414060213,58224640.0,58126336.0,57966592.0,ros2,True
0.12206743910572392,0.12206455576465976,0.12206437841348206,0.0,0.0,0.0,0.0,0.0,0.0,0.0,0.0,0.0,0.0,0.0,0.0,0.0,0.0,0.0,main,186868.5,185829.5,171430.5,324942.7,319278.5,311813.10000000003,477753.01,471126.50000000006,425983.0,64,999.9764611540903,999.9528408240927,999.951387963245,5000.0,5000.0,5000.0,10000.0,10000.0,10000.0,block_with_timeout,latency,5000.0,5000.0,5000.0,10.776203268122668,10.577266344882656,9.978611932984634,0.06103371955286196,0.06103227788232988,0.06103218920674103,4673536.0,4653056.0,4632576.0,0.0,0.0,0.0,3,3,2,7.982842524439741,7.782813471421926,7.583745069068322,9469952.0,9424896.0,9400320.0,shm_copy,True
0.12206842847146128,0.12206732929653932,0.12206546178944014,0.0,0.0,0.0,0.0,0.0,0.0,0.0,0.0,0.0,0.0,0.0,0.0,0.0,0.0,0.0,main,173596.0,171295.5,167915.0,308358.2,304811.7,303530.4,491933.12000000046,441710.9900000001,436057.57000000036,64,999.9845660382108,999.9755615972501,999.9602629790936,5000.0,5000.0,5000.0,10000.0,10000.0,10000.0,block_with_timeout,latency,5000.0,5000.0,5000.0,11.774945457105842,11.574854291109787,11.375372457401955,0.06103421423573064,0.06103366464826966,0.06103273089472007,4644864.0,4640768.0,4624384.0,0.0,0.0,0.0,3,3,2,7.982717513966285,7.9826581317998535,7.783438522493692,9474048.0,9433088.0,9383936.0,shm_loan,True
0.1220677521288991,0.12206650241384685,0.12206644128488109,0.0,0.0,0.0,0.0,0.0,0.0,0.0,0.0,0.0,0.0,0.0,0.0,0.0,0.0,0.0,main,93077.0,93032.0,91691.0,129334.3,128047.5,125670.1,202344.96000000008,195693.70000000027,191827.52000000002,64,999.9790254399414,999.9687877742334,999.9682870057459,5000.0,5000.0,5000.0,10000.0,10000.0,10000.0,block_with_timeout,latency,5000.0,5000.0,5000.0,7.783152014756784,7.384060118031527,7.38386048328325,0.06103387606444955,0.061033251206923426,0.061033220642440544,4390912.0,4378624.0,4354048.0,0.0,0.0,0.0,3,3,2,7.384016014000026,7.184490925652298,7.184296686437756,8749056.0,8744960.0,8716288.0,uds,True
1.750818631867452,1.7245927840538928,1.6592717375035848,0.0,0.0,0.0,0.0,0.0,0.0,0.0,0.0,0.0,32279.0,30959.0,28600.0,0.19189931513364406,0.17974546847966186,0.16624813988095238,main,117071.0,112631.0,110744.0,363396.7000000007,360793.4000000003,246560.3000000001,3654915.119999995,1940558.0899999992,964421.8300000018,64,14342.706232258166,14127.86408696949,13592.754073629367,86119.0,86016.0,84104.0,143432.0,141279.0,135929.0,block_with_timeout,throughput,86119.0,86016.0,84104.0,110.75978022329411,110.75802494920988,110.38351077853615,1.0512546519294248,1.049963853524393,1.026649134555551,28876800.0,28794880.0,28786688.0,0.0,0.0,0.0,3,3,2,219.71997381816232,218.9251872161327,218.36738001840848,58040320.0,57978880.0,57876480.0,ros2,True
5.783286281394635,5.4001916380057144,5.351721219570989,0.0,0.0,0.0,3953.0,3565.0,3377.0,253889593.0,173217043.0,171104035.0,0.0,0.0,0.0,0.0,0.0,0.0,main,34142.5,33699.0,29535.0,75669.1,66843.0,63060.8,229292.16000000018,173394.65999999997,150616.24999999983,64,47376.68121718485,44238.36989854281,43841.300230725545,236884.0,221193.0,219208.0,473768.0,442386.0,438416.0,block_with_timeout,throughput,236884.0,221193.0,219208.0,91.59728094629118,91.00248899866796,89.80580029121022,2.8916431406973175,2.7000958190028572,2.6758606097854947,4661248.0,4661248.0,4640768.0,0.0,0.0,0.0,3,3,2,103.1760675708582,101.38077010652177,100.57740652926091,9322496.0,9310208.0,9261056.0,shm_copy,True
3.1371316416588164,3.0445042866522356,2.8509659340989977,0.0,0.0,0.0,613.0,464.0,303.0,108031010.0,53769633.0,45276355.0,0.0,0.0,0.0,0.0,0.0,0.0,main,37895.0,31574.0,31199.0,67267.59999999999,65022.50000000004,59801.8,259589.23,247328.31999999975,166848.41999999995,64,25699.382408469024,24940.579116255114,23355.11293213899,128498.0,124704.0,116776.0,256996.0,249408.0,233552.0,block_with_timeout,throughput,128498.0,124704.0,116776.0,95.9953039911324,94.79305296360918,92.80007280372683,1.5685658208294082,1.5222521433261178,1.4254829670494988,4669440.0,4669440.0,4640768.0,0.0,0.0,0.0,3,3,2,82.22466786766435,81.82137203174688,78.83016937090775,9314304.0,9314304.0,9203712.0,shm_loan,True
16.047093848698882,15.676436802160024,15.41989049302167,0.0,0.0,0.0,0.0,0.0,0.0,0.0,0.0,0.0,0.0,0.0,0.0,0.0,0.0,0.0,main,478100.0,460694.0,455689.0,980900.5,912961.0,893476.5,1642764.819999998,1405211.499999997,1323133.2500000007,64,131457.79280854124,128421.37028329492,126319.74291883352,657398.0,642107.0,631610.0,1314796.0,1284214.0,1263220.0,block_with_timeout,throughput,657398.0,642107.0,631610.0,71.84687740601417,70.25068549775393,69.64759860120994,8.023546924349441,7.838218401080012,7.709945246510835,4399104.0,4386816.0,4374528.0,0.0,0.0,0.0,3,3,2,189.79550114755412,188.00041403092104,187.3899572680118,8654848.0,8585216.0,8577024.0,uds,True
0.24402650023517108,0.24369825714636523,0.24336748182458973,0.0,0.0,0.0,0.0,0.0,0.0,0.0,0.0,0.0,63.0,36.0,9.0,0.00315,0.0018,0.00045,main,190696.0,188292.5,187847.0,277397.00000000006,275345.0,264989.0,1779894.2399999744,1279468.139999996,611648.199999994,64,999.5325449632608,998.188061271512,996.8332055535195,5000.0,5000.0,5000.0,19991.0,19964.0,19937.0,block_with_timeout,latency,5000.0,5000.0,5000.0,20.95362748090795,20.755148978165508,20.554201453047423,0.06103442625384824,0.06103412795921897,0.06103409039947254,29503488.0,29462528.0,29388800.0,0.0,0.0,0.0,3,3,4,178.60472948012014,175.8200600938828,175.80826679742506,118947840.0,118931456.0,118779904.0,ros2,True
0.24413407078142854,0.24413361035780032,0.24411995775555242,0.0,0.0,0.0,0.0,0.0,0.0,0.0,0.0,0.0,0.0,0.0,0.0,0.0,0.0,0.0,main,217242.0,211760.0,210710.0,364709.1000000001,358201.0,349887.1,599735.8199999988,560681.8299999994,545030.3799999977,64,999.9731539207313,999.9712680255501,999.9153469667427,5000.0,5000.0,5000.0,20000.0,20000.0,20000.0,block_with_timeout,latency,5000.0,5000.0,5000.0,16.761695011290954,16.56411515306426,15.964765717353693,0.061033517695357135,0.06103340258945008,0.061029989438888106,4673536.0,4661248.0,4653056.0,0.0,0.0,0.0,3,3,4,16.963250457957376,16.961238999520607,16.363884860287534,18903040.0,18845696.0,18817024.0,shm_copy,True
0.24413674659481624,0.24413280054374256,0.24412869877598165,0.0,0.0,0.0,0.0,0.0,0.0,0.0,0.0,0.0,0.0,0.0,0.0,0.0,0.0,0.0,main,202554.0,197388.5,190903.5,335904.7,327594.0,323056.0,529948.2499999997,501257.7099999991,476325.4099999999,64,999.9841140523673,999.9679510271695,999.9511501864208,5000.0,5000.0,5000.0,20000.0,20000.0,20000.0,block_with_timeout,latency,5000.0,5000.0,5000.0,17.361176672787206,16.96227735391725,16.563308006036177,0.06103418664870406,0.06103320013593564,0.06103217469399541,4644864.0,4640768.0,4616192.0,0.0,0.0,0.0,3,3,4,17.161622917927584,16.56330800603618,16.16405253726232,18927616.0,18829312.0,18808832.0,shm_loan,True
0.24413525114367887,0.2441320001582192,0.24412869677422414,0.0,0.0,0.0,0.0,0.0,0.0,0.0,0.0,0.0,0.0,0.0,0.0,0.0,0.0,0.0,main,103864.0,102299.0,101851.0,151067.20000000007,150549.0,147060.70000000007,243780.26999999932,242217.57999999975,234515.5199999996,64,999.9779886845087,999.9646726480659,999.9511419872221,5000.0,5000.0,5000.0,20000.0,20000.0,20000.0,block_with_timeout,latency,5000.0,5000.0,5000.0,11.973902211966616,11.97311089290655,11.573951160878105,0.06103381278591972,0.0610330000395548,0.061032174193556034,4358144.0,4349952.0,4317184.0,0.0,0.0,0.0,3,3,4,15.566072875556602,14.966388616133187,14.367663510055579,17543168.0,17518592.0,17375232.0,uds,True
2.8474165889197933,2.776373952283029,2.6796499806875764,0.0,0.0,0.0,0.0,0.0,0.0,0.0,0.0,0.0,375072.0,355979.0,345191.0,0.6165175254613954,0.6112734368912783,0.6101590620822049,main,300739.0,260027.0,221987.5,1707281.9000000013,1348269.5,819928.4999999999,10312907.48999995,5195752.550000001,2599264.7200000035,64,11663.018348215473,11372.027708551286,10975.846320896313,152093.0,145855.0,141177.0,233300.0,227441.0,219517.0,block_with_timeout,throughput,152093.0,145855.0,141177.0,117.13864143444503,116.74317771093175,116.53391261690523,1.8562886037658728,1.7804530529246756,1.7233514731138362,29466624.0,29429760.0,29388800.0,0.0,0.0,0.0,3,3,4,420.47500074689435,418.4663221261179,415.8504689959426,118960128.0,118927360.0,118816768.0,ros2,True
2.4780695479950983,2.46480488742134,2.4103816446048736,0.0,0.0,0.0,84.0,73.0,42.0,37157562.0,22039223.0,20048648.0,0.0,0.0,0.0,0.0,0.0,0.0,main,80383.5,80189.0,79858.5,144273.20000000022,138045.60000000003,134595.99999999997,423293.12,384710.2399999997,252068.0,64,10150.172868587922,10095.840818877808,9872.923216301562,50751.0,50480.0,49365.0,203004.0,201920.0,197460.0,block_with_timeout,throughput,50751.0,50480.0,49365.0,96.5855642073542,95.19553503157965,94.99110799910466,0.6195173869987746,0.616201221855335,0.6025954111512184,4661248.0,4661248.0,4644864.0,0.0,0.0,0.0,3,3,4,101.77404492923688,101.58181830413847,99.78057562931161,18632704.0,18558976.0,18554880.0,shm_copy,True
2.2856687056952065,2.2476831937823523,2.1280738207790426,0.0,0.0,0.0,14.0,5.0,2.0,19588556.0,14275491.0,518821.0,0.0,0.0,0.0,0.0,0.0,0.0,main,79268.0,79268.0,76812.0,145761.70000000004,130390.40000000005,121287.5,269860.28999999986,240768.92999999993,211623.0,64,9362.099018527566,9206.510361732515,8716.590369910959,46811.0,46033.0,43583.0,187244.0,184132.0,174332.0,block_with_timeout,throughput,46811.0,46033.0,43583.0,95.19316003733441,94.3930606583228,92.39593728970087,0.5714171764238016,0.5619207984455881,0.5320184551947607,4673536.0,4644864.0,4644864.0,0.0,0.0,0.0,3,3,4,93.99576179787108,90.00268574398218,89.60210765243129,18628608.0,18550784.0,18477056.0,shm_loan,True
4.066003406659763,4.037104474762589,3.656661803642438,0.0,0.0,0.0,0.0,0.0,0.0,0.0,0.0,0.0,0.0,0.0,0.0,0.0,0.0,0.0,main,74864.0,70707.5,68826.0,692748.0,575442.6000000006,507971.10000000143,1809511.6999999976,1510916.9999999993,1229938.66,64,16654.34995367839,16535.979928627563,14977.686747719426,83272.0,82680.0,74889.0,333088.0,330720.0,299556.0,block_with_timeout,throughput,83272.0,82680.0,74889.0,99.38488207845944,98.98085061612595,98.78543329718559,1.0165008516649408,1.0092761186906472,0.9141654509106095,4399104.0,4395008.0,4354048.0,0.0,0.0,0.0,3,3,4,121.53092343794498,120.73775180767127,117.54557338195302,17231872.0,17182720.0,17178624.0,uds,True
0.976551210677384,0.9765481041184684,0.9765388765480374,0.0,0.0,0.0,0.0,0.0,0.0,0.0,0.0,0.0,0.0,0.0,0.0,0.0,0.0,0.0,main,157620.0,153811.0,152745.0,230364.0,229767.20000000004,222217.9000000001,393240.0300000002,386663.2600000007,350833.12,1024,999.9884397336413,999.9852586173116,999.9758095851903,5000.0,5000.0,5000.0,5000.0,5000.0,5000.0,block_with_timeout,latency,5000.0,5000.0,5000.0,10.976277202577583,10.776702816085574,10.577410773670788,0.976551210677384,0.9765481041184684,0.9765388765480374,28520448.0,28516352.0,28471296.0,0.0,0.0,0.0,3,3,1,39.7141666056898,39.31500842164552,39.11646248376367,28602368.0,28577792.0,28528640.0,ros2,True
0.9765463567121772,0.9765387275318325,0.9765209523536486,0.0,0.0,0.0,0.0,0.0,0.0,0.0,0.0,0.0,0.0,0.0,0.0,0.0,0.0,0.0,main,173479.5,164423.0,161193.0,310143.60000000003,306623.0,305912.0,474732.57000000036,460203.4100000002,433115.5200000005,1024,999.9834692732694,999.9756569925964,999.9574552101361,5000.0,5000.0,5000.0,5000.0,5000.0,5000.0,block_with_timeout,latency,5000.0,5000.0,5000.0,8.3821927155647,8.182204004136546,7.999266908772543,0.9765463567121772,0.9765387275318325,0.9765209523536486,4665344.0,4665344.0,4640768.0,0.0,0.0,0.0,3,3,1,4.19109635778235,4.190884977728475,3.9996334543862715,4734976.0,4734976.0,4726784.0,shm_copy,True
0.9765406809562572,0.9765405182682418,0.9765401106695747,0.0,0.0,0.0,0.0,0.0,0.0,0.0,0.0,0.0,0.0,0.0,0.0,0.0,0.0,0.0,main,161970.5,157310.0,149051.0,289533.00000000006,289116.50000000006,277181.1,448772.04000000004,438241.00000000006,377368.8500000005,1024,999.9776572992074,999.9774907066796,999.9770733256445,5000.0,5000.0,5000.0,5000.0,5000.0,5000.0,block_with_timeout,latency,5000.0,5000.0,5000.0,8.581506297845058,8.18247346748715,7.583571507319729,0.9765406809562572,0.9765405182682418,0.9765401106695747,4665344.0,4624384.0,4599808.0,0.0,0.0,0.0,3,3,1,4.191022995542197,3.9913982780674693,3.7917857536598647,4739072.0,4734976.0,4730880.0,shm_loan,True
0.9765442644030242,0.976534958198653,0.9765321769181488,0.0,0.0,0.0,0.0,0.0,0.0,0.0,0.0,0.0,0.0,0.0,0.0,0.0,0.0,0.0,main,77598.5,76941.5,75545.5,110905.80000000002,110615.10000000002,109599.20000000001,181492.5300000001,171049.14000000025,164296.94000000012,1024,999.9813267486968,999.9717971954207,999.9689491641843,5000.0,5000.0,5000.0,5000.0,5000.0,5000.0,block_with_timeout,latency,5000.0,5000.0,5000.0,5.188961870105293,5.188925202217222,5.188920684009472,0.9765442644030242,0.976534958198653,0.9765321769181488,4378624.0,4366336.0,4349952.0,0.0,0.0,0.0,3,3,1,4.191054971021602,3.9915091308502246,3.9914774492380554,4395008.0,4358144.0,4313088.0,uds,True
21.862578199041103,21.632893564862506,20.29175977354643,0.0,0.0,0.0,0.0,0.0,0.0,0.0,0.0,0.0,50054.0,47441.0,41755.0,0.31348333168136916,0.3112520598202904,0.2716797230825287,main,91164.5,87579.5,84795.0,720223.0,406547.4000000001,326439.0,4220658.600000007,1289307.8699999999,1255871.5100000002,1024,22387.28007581809,22152.083010419206,20778.762008111546,160815.0,153692.0,151335.0,111937.0,110761.0,103894.0,block_with_timeout,throughput,160815.0,153692.0,151335.0,115.35819006112705,113.94975610311056,113.55460339211736,31.409013810216265,30.01780795060637,29.557563144451546,28495872.0,28459008.0,28356608.0,0.0,0.0,0.0,3,3,1,122.14396594707569,121.93222588266298,119.34209635937817,28938240.0,28819456.0,28762112.0,ros2,True
115.97632318608298,114.94387659905057,112.37438576662966,0.0,0.0,0.0,145599.0,144674.0,143413.0,1777450072.0,1772248754.0,1742365958.0,0.0,0.0,0.0,0.0,0.0,0.0,main,51517.0,50561.0,49955.5,93084.0,85648.60000000008,78271.80000000002,234978.0,187969.44000000064,164305.92000000004,1024,118759.75494254897,117702.52963742778,115071.37102502877,593799.0,588513.0,575357.0,593799.0,588513.0,575357.0,block_with_timeout,throughput,593799.0,588513.0,575357.0,68.65306809934872,68.25290473873301,67.65641996508722,115.97632318608298,114.94387659905057,112.37438576662966,4665344.0,4665344.0,4628480.0,0.0,0.0,0.0,3,3,1,90.00602350049294,88.41237181278359,88.41078246514964,4628480.0,4628480.0,4608000.0,shm_copy,True
134.2789650545041,133.84309976427488,127.92301036577284,0.0,0.0,0.0,41272.0,35221.0,32729.0,493624398.0,470436527.0,467321646.0,0.0,0.0,0.0,0.0,0.0,0.0,main,38671.0,38422.5,37064.0,60112.00000000003,56834.800000000025,53853.0,162758.44000000003,140418.92,138144.94999999995,1024,137501.6602158122,137055.33415861748,130993.16261455139,687509.0,685277.0,654966.0,687509.0,685277.0,654966.0,block_with_timeout,throughput,687509.0,685277.0,654966.0,86.8161254430558,86.61687704118823,86.01526956418309,134.2789650545041,133.84309976427488,127.92301036577284,4665344.0,4644864.0,4591616.0,0.0,0.0,0.0,3,3,1,88.21316654213946,87.81141208408484,87.01603315658542,4665344.0,4665344.0,4665344.0,shm_loan,True
127.91011045818045,127.03017548179596,126.11011533987859,0.0,0.0,0.0,0.0,0.0,0.0,0.0,0.0,0.0,0.0,0.0,0.0,0.0,0.0,0.0,main,307983.0,303918.0,303722.0,500362.5,496181.8,470879.0,1165709.499999998,834971.2600000013,776789.0,1024,130979.95310917679,130078.89969335907,129136.75810803568,654900.0,650433.0,645684.0,654900.0,650433.0,645684.0,block_with_timeout,throughput,654900.0,650433.0,645684.0,41.51064634124496,41.11330846953216,40.31350658150743,127.91011045818045,127.03017548179596,126.11011533987859,4386816.0,4378624.0,4366336.0,0.0,0.0,0.0,3,3,1,101.18663783520778,100.18505100948876,98.98692589066104,4325376.0,4292608.0,4288512.0,uds,True
1.9530949192132923,1.9530901029672763,1.953078286273549,0.0,0.0,0.0,0.0,0.0,0.0,0.0,0.0,0.0,0.0,0.0,0.0,0.0,0.0,0.0,main,155474.5,155421.0,153118.0,242449.00000000003,230288.2000000001,225210.80000000005,442304.74000000017,379435.23000000033,330760.16000000003,1024,999.9845986372056,999.9821327192454,999.9760825720571,5000.0,5000.0,5000.0,10000.0,10000.0,10000.0,block_with_timeout,latency,5000.0,5000.0,5000.0,14.768089843972094,14.368885554900611,14.368525520700842,0.9765474596066461,0.9765450514836381,0.9765391431367745,28856320.0,28831744.0,28758016.0,0.0,0.0,0.0,3,3,2,81.82320048687241,81.02454910124513,80.62339319948805,58302464.0,58068992.0,57987072.0,ros2,True
1.953083587596842,1.9530808966990392,1.9530743724061186,0.0,0.0,0.0,0.0,0.0,0.0,0.0,0.0,0.0,0.0,0.0,0.0,0.0,0.0,0.0,main,188185.0,177539.0,172077.0,323895.80000000005,315516.4,301112.0,487257.35000000003,470172.64000000025,447560.0000000002,1024,999.9787968495831,999.977419109908,999.9740786719327,5000.0,5000.0,5000.0,10000.0,10000.0,10000.0,block_with_timeout,latency,5000.0,5000.0,5000.0,10.77695440122526,10.598023178279838,10.17781837918084,0.976541793798421,0.9765404483495196,0.9765371862030593,4665344.0,4648960.0,4612096.0,0.0,0.0,0.0,3,3,2,7.982929186092784,7.798545357602144,7.783037584079464,9469952.0,9469952.0,9428992.0,shm_copy,True
1.9530805506209807,1.9530791698254326,1.9530517961031888,0.0,0.0,0.0,0.0,0.0,0.0,0.0,0.0,0.0,0.0,0.0,0.0,0.0,0.0,0.0,main,173918.0,166339.0,158109.5,312147.0,295078.3,289358.60000000003,485402.19,429665.5100000001,413146.0,1024,999.9772419179421,999.9765349506215,999.9625196048327,5000.0,5000.0,5000.0,10000.0,10000.0,10000.0,block_with_timeout,latency,5000.0,5000.0,5000.0,11.774408469188746,10.975948178650444,10.776741973877368,0.9765402753104904,0.9765395849127163,0.9765258980515944,4648960.0,4640768.0,4636672.0,0.0,0.0,0.0,3,3,2,8.381782300100463,7.583633240876667,7.58338237797667,9433088.0,9416704.0,9383936.0,shm_loan,True
1.953029398429735,1.9530225534207513,1.9530194107867636,0.0,0.0,0.0,0.0,0.0,0.0,0.0,0.0,0.0,0.0,0.0,0.0,0.0,0.0,0.0,main,91985.0,91787.0,90835.5,132669.30000000002,127018.0,126480.7,205983.86000000016,192263.3400000001,191370.48000000007,1024,999.9510519960244,999.9475473514246,999.9459383228229,5000.0,5000.0,5000.0,10000.0,10000.0,10000.0,block_with_timeout,latency,5000.0,5000.0,5000.0,7.58383479674911,7.583607973732985,7.184683764431324,0.9765146992148676,0.9765112767103756,0.9765097053933818,4390912.0,4370432.0,4362240.0,0.0,0.0,0.0,3,3,2,7.783176604620696,7.384258313443306,7.184685596920209,8757248.0,8749056.0,8732672.0,uds,True
27.9892175416138,27.241076317549055,26.67473470403602,0.0,0.0,0.0,0.0,0.0,0.0,0.0,0.0,0.0,28971.0,19791.0,17505.0,0.1749984898822108,0.12134571050179035,0.11151102051216716,main,114618.0,109892.0,109022.0,420662.5,283473.0,247321.80000000025,2422829.139999994,2397536.2099999883,2092969.5999999992,1024,14330.479381306266,13947.431074585116,13657.464168466442,82775.0,81548.0,78490.0,143305.0,139475.0,136579.0,block_with_timeout,throughput,82775.0,81548.0,78490.0,112.15781489343983,110.36132097521131,110.16087236211835,16.166476289375243,15.927320833770784,15.330002367194302,28889088.0,28860416.0,28852224.0,0.0,0.0,0.0,3,3,2,222.5195081960594,219.12434393769198,218.12825284973954,58978304.0,58966016.0,58826752.0,ros2,True
92.48611178280386,90.17790593217799,85.22964479994795,0.0,0.0,0.0,3658.0,3561.0,3128.0,200197664.0,153702473.0,127210861.0,0.0,0.0,0.0,0.0,0.0,0.0,main,33578.5,29006.5,28748.5,77641.0,71931.2,58121.7,223153.64999999994,172278.2399999999,166712.05,1024,47352.88923279558,46171.08783727513,43637.57813757335,236767.0,230857.0,218188.0,473534.0,461714.0,436376.0,block_with_timeout,throughput,236767.0,230857.0,218188.0,92.19597997698504,91.79846548353503,91.20440305526823,46.24305589140193,45.088952966088996,42.614822399973974,4665344.0,4665344.0,4648960.0,0.0,0.0,0.0,3,3,2,106.16692095052314,104.96771746297429,104.77529891469544,9256960.0,9256960.0,9240576.0,shm_copy,True
52.27679124468823,49.38458377120872,45.105419945935616,0.0,0.0,0.0,632.0,560.0,326.0,108032455.0,71735621.0,51460589.0,0.0,0.0,0.0,0.0,0.0,0.0,main,33801.0,31395.0,31075.0,87990.20000000001,79372.00000000001,59732.20000000003,243040.44999999704,192701.68999999994,165715.84999999992,1024,26765.717117280376,25284.906890858863,23093.975012319035,133829.0,126425.0,115470.0,267658.0,252850.0,230940.0,block_with_timeout,throughput,133829.0,126425.0,115470.0,93.79918249755437,93.20099587264906,92.7993155966219,26.138395622344117,24.69229188560436,22.552709972967808,4628480.0,4616192.0,4612096.0,0.0,0.0,0.0,3,3,2,85.41761506101456,83.22182787548971,81.22434719962389,9318400.0,9318400.0,9314304.0,shm_loan,True
228.7553712087097,224.1708708570712,217.03238561361692,0.0,0.0,0.0,0.0,0.0,0.0,0.0,0.0,0.0,0.0,0.0,0.0,0.0,0.0,0.0,main,254940.5,254517.0,247180.5,541674.2999999999,535358.3000000007,523939.39999999997,938377.3299999994,853870.910000001,833803.2199999994,1024,117122.75005885937,114775.48587882046,111120.58143417187,585614.0,573912.0,555670.0,1171228.0,1147824.0,1111340.0,block_with_timeout,throughput,585614.0,573912.0,555670.0,71.24960597534695,70.64646009195809,70.05103614938206,114.37768560435485,112.0854354285356,108.51619280680846,4390912.0,4374528.0,4354048.0,0.0,0.0,0.0,3,3,2,189.40021308292506,187.002338666584,185.59663244497466,8654848.0,8613888.0,8560640.0,uds,True
3.90618875877264,3.9061748944128354,3.906168043907037,0.0,0.0,0.0,0.0,0.0,0.0,0.0,0.0,0.0,0.0,0.0,0.0,0.0,0.0,0.0,main,195151.5,186143.0,184820.5,283513.1,257661.60000000015,256890.1,670023.3199999954,465914.9699999992,441398.17999999836,1024,999.9843222457959,999.9807729696859,999.9790192402015,5000.0,5000.0,5000.0,20000.0,20000.0,20000.0,block_with_timeout,latency,5000.0,5000.0,5000.0,21.550941406825583,20.19611242612499,20.15495977593141,0.97654718969316,0.9765437236032088,0.9765420109767593,29495296.0,29495296.0,29466624.0,0.0,0.0,0.0,3,3,4,177.20400278244645,177.19662934501034,175.96612806920783,118857728.0,118759424.0,118665216.0,ros2,True
3.9061665478766376,3.906161472318856,3.9061202824327648,0.0,0.0,0.0,0.0,0.0,0.0,0.0,0.0,0.0,0.0,0.0,0.0,0.0,0.0,0.0,main,215530.5,213754.5,212276.0,357403.0,357340.80000000005,356565.0,577941.6699999989,549494.0099999999,505649.9599999994,1024,999.9786362564192,999.9773369136271,999.9667923027878,5000.0,5000.0,5000.0,20000.0,20000.0,20000.0,block_with_timeout,latency,5000.0,5000.0,5000.0,16.164857225394574,16.163673008041417,16.161958212242105,0.9765416369691594,0.976540368079714,0.9765300706081912,4673536.0,4657152.0,4648960.0,0.0,0.0,0.0,3,3,4,17.162687918320163,16.561018908840676,16.363224526659213,18935808.0,18907136.0,18886656.0,shm_copy,True
3.906170119602288,3.906167695484189,3.906134032349167,0.0,0.0,0.0,0.0,0.0,0.0,0.0,0.0,0.0,0.0,0.0,0.0,0.0,0.0,0.0,main,200017.0,195054.0,190062.5,332926.2,322756.0,321877.4,519695.9899999995,485365.7999999994,484783.05,1024,999.9795506181857,999.9789300439523,999.9703122813868,5000.0,5000.0,5000.0,20000.0,20000.0,20000.0,block_with_timeout,latency,5000.0,5000.0,5000.0,17.761071159941956,16.564351098036816,16.563975133063504,0.976542529900572,0.9765419238710472,0.9765335080872918,4673536.0,4648960.0,4616192.0,0.0,0.0,0.0,3,3,4,17.561508562639236,16.963492088350957,16.164843202146315,18866176.0,18857984.0,18817024.0,shm_loan,True
3.90620304743937,3.906159201329365,3.9061570506492855,0.0,0.0,0.0,0.0,0.0,0.0,0.0,0.0,0.0,0.0,0.0,0.0,0.0,0.0,0.0,main,105142.0,104527.0,103913.0,154474.0,153287.90000000002,153283.10000000003,251046.98999999888,242029.8799999997,241532.21999999933,1024,999.9879801444787,999.9767555403174,999.9762049662171,5000.0,5000.0,5000.0,20000.0,20000.0,20000.0,block_with_timeout,latency,5000.0,5000.0,5000.0,12.373307840036718,11.973168890012182,11.972317029128043,0.9765507618598425,0.9765398003323412,0.9765392626623214,4399104.0,4395008.0,4382720.0,0.0,0.0,0.0,3,3,4,15.765989021982271,15.565119557015839,14.965396286410053,17530880.0,17489920.0,17489920.0,uds,True
44.52496350593008,43.69879654824961,43.06229900327653,0.0,0.0,0.0,0.0,0.0,0.0,0.0,0.0,0.0,341578.0,329714.0,287537.0,0.5997352286374459,0.5957409133944769,0.5659998897672515,main,267934.0,266949.5,256220.0,1214647.0000000005,1066804.1999999997,1033659.0,4001804.890000006,3264794.3099999996,2666768.25,1024,11398.3906575181,11186.8919163519,11023.948544838791,142387.0,138363.0,127004.0,227970.0,223738.0,220479.0,block_with_timeout,throughput,142387.0,138363.0,127004.0,116.92362097241187,116.34078632921205,115.73869187117076,27.809694164665817,27.024003909954775,24.805465475678556,29511680.0,29503488.0,29384704.0,0.0,0.0,0.0,3,3,4,420.2636295185601,415.8610928612412,415.8171093967685,120889344.0,120463360.0,120451072.0,ros2,True
39.15496925788817,38.10678738169129,37.89891351215057,0.0,0.0,0.0,60.0,35.0,19.0,30637922.0,22959651.0,4946366.0,0.0,0.0,0.0,0.0,0.0,0.0,main,81880.0,80466.0,78919.5,131212.5,128875.5,124853.30000000006,303374.44999999995,247098.05000000008,221068.45000000022,1024,10023.672130019371,9755.33756971297,9702.121859110546,50119.0,48778.0,48511.0,200476.0,195112.0,194044.0,block_with_timeout,throughput,50119.0,48778.0,48511.0,95.79077291267672,95.38937272935274,95.19379155159844,9.788742314472042,9.526696845422823,9.474728378037643,4661248.0,4644864.0,4640768.0,0.0,0.0,0.0,3,3,4,102.17682444018851,101.77527215893284,100.98125476962015,18628608.0,18620416.0,18550784.0,shm_copy,True
36.06079677634666,35.869164760395975,35.10736196020249,0.0,0.0,0.0,28.0,6.0,4.0,34990243.0,14675530.0,2591860.0,0.0,0.0,0.0,0.0,0.0,0.0,main,74954.0,74807.5,73410.5,126527.1,120951.70000000004,107953.30000000008,311480.0800000001,289929.03999999963,172772.74999999988,1024,9231.563974744746,9182.50617866137,8987.484661811837,46158.0,45913.0,44938.0,184632.0,183652.0,179752.0,block_with_timeout,throughput,46158.0,45913.0,44938.0,95.9863414878035,95.19032577320301,94.39616068509642,9.015199194086666,8.967291190098994,8.776840490050622,4677632.0,4661248.0,4636672.0,0.0,0.0,0.0,3,3,4,95.1944368853932,95.18811827376771,92.79560059651865,18612224.0,18595840.0,18571264.0,shm_loan,True
58.53735988497538,57.811637131530695,57.757205402462574,0.0,0.0,0.0,0.0,0.0,0.0,0.0,0.0,0.0,0.0,0.0,0.0,0.0,0.0,0.0,main,70668.0,67220.0,66493.5,402326.5,390111.0,297041.30000000045,988034.6500000037,865757.9000000043,822665.7699999992,1024,14985.564130553697,14799.779105671858,14785.844583030419,74928.0,73999.0,73930.0,299712.0,295996.0,295720.0,block_with_timeout,throughput,74928.0,73999.0,73930.0,98.98058206272177,98.78449904694072,98.7814289201917,14.634339971243845,14.452909282882674,14.439301350615644,4399104.0,4358144.0,4354048.0,0.0,0.0,0.0,3,3,4,121.3353038798787,120.93241601138621,119.13590220049373,17207296.0,17195008.0,17186816.0,uds,True
3.906180766070866,3.9061666955265846,3.9061518571533584,0.0,0.0,0.0,0.0,0.0,0.0,0.0,0.0,0.0,0.0,0.0,0.0,0.0,0.0,0.0,main,160893.0,154447.5,153813.0,246102.10000000003,221323.4,221137.7,388859.97000000137,338288.0400000012,328905.22000000096,4096,999.9822761141417,999.9786740548057,999.9748754312598,5000.0,5000.0,5000.0,5000.0,5000.0,5000.0,block_with_timeout,latency,5000.0,5000.0,5000.0,11.575024458581943,10.976112615870987,10.378080694440913,3.906180766070866,3.9061666955265846,3.9061518571533584,28545024.0,28520448.0,28495872.0,0.0,0.0,0.0,3,3,1,39.915694978618895,39.71430805616908,38.915308365360765,28639232.0,28573696.0,28561408.0,ros2,True
3.906182205864108,3.9061579029526587,3.9061504634738897,0.0,0.0,0.0,0.0,0.0,0.0,0.0,0.0,0.0,0.0,0.0,0.0,0.0,0.0,0.0,main,162421.5,161631.0,159746.5,298613.3,297011.00000000006,295935.9,458222.14000000013,419830.90000000194,406361.3100000001,4096,999.9826447012116,999.9764231558806,999.9745186493158,5000.0,5000.0,5000.0,5000.0,5000.0,5000.0,block_with_timeout,latency,5000.0,5000.0,5000.0,8.182347300832708,7.982656917885704,7.9825605717792865,3.906182205864108,3.9061579029526587,3.9061504634738897,4665344.0,4665344.0,4624384.0,0.0,0.0,0.0,3,3,1,4.390527819959014,4.190894881889994,4.190844300184125,4734976.0,4730880.0,4698112.0,shm_copy,True
3.9061663377293785,3.90613591270717,3.906036020315942,0.0,0.0,0.0,0.0,0.0,0.0,0.0,0.0,0.0,0.0,0.0,0.0,0.0,0.0,0.0,main,158046.5,152345.5,149338.5,289926.7,285259.2,284513.1,440799.22000000015,417979.9100000006,414788.89000000054,4096,999.9785824587209,999.9707936530356,999.9452212008812,5000.0,5000.0,5000.0,5000.0,5000.0,5000.0,block_with_timeout,latency,5000.0,5000.0,5000.0,8.781055806389988,8.381698594642362,8.182290247730991,3.9061663377293785,3.90613591270717,3.906036020315942,4640768.0,4628480.0,4608000.0,0.0,0.0,0.0,3,3,1,4.390527903194994,4.190929151276849,4.190849297321181,4739072.0,4734976.0,4730880.0,shm_loan,True
3.9061898876438192,3.906183146456685,3.9061603481513854,0.0,0.0,0.0,0.0,0.0,0.0,0.0,0.0,0.0,0.0,0.0,0.0,0.0,0.0,0.0,main,79457.0,79448.0,77203.0,122343.1,117935.90000000001,111253.50000000003,237306.21000000028,183667.60000000006,167072.9900000001,4096,999.9846112368177,999.9828854929114,999.9770491267547,5000.0,5000.0,5000.0,5000.0,5000.0,5000.0,block_with_timeout,latency,5000.0,5000.0,5000.0,5.787492866768775,5.588110416642319,5.587988692079774,3.9061898876438192,3.906183146456685,3.9061603481513854,4390912.0,4370432.0,4333568.0,0.0,0.0,0.0,3,3,1,4.59008054950627,4.390658184504679,4.390562543776965,4390912.0,4329472.0,4325376.0,uds,True
83.44804183945442,82.33217137938146,79.62632852599626,0.0,0.0,0.0,0.0,0.0,0.0,0.0,0.0,0.0,36117.0,29894.0,29699.0,0.25523840483947335,0.22678582266189234,0.217554372111081,main,97569.0,94143.0,88189.5,393136.5,378561.00000000035,294303.6000000002,2491764.100000001,1121881.0699999991,964141.7999999993,4096,21362.69871090033,21077.035873121655,20384.340102655042,141503.0,136513.0,131816.0,106814.0,105386.0,101922.0,block_with_timeout,throughput,141503.0,136513.0,131816.0,115.38114524383396,113.95440935429218,113.55163368967844,110.54835790993695,106.65027557838337,102.98094740078416,28565504.0,28561408.0,28446720.0,0.0,0.0,0.0,3,3,1,120.980230281663,120.73978574316419,119.93766581282381,29028352.0,29003776.0,28917760.0,ros2,True
301.0386657904539,298.48390345512934,275.4002233993075,0.0,0.0,0.0,107292.0,106834.0,101029.0,2271670307.0,2150500735.0,2142814814.0,0.0,0.0,0.0,0.0,0.0,0.0,main,102436.0,95233.5,91304.0,133888.40000000002,127462.8,126415.5,329904.1600000021,256041.7,251453.34999999986,4096,77065.89844235619,76411.87928451311,70502.45719022272,385341.0,382060.0,352513.0,385341.0,382060.0,352513.0,block_with_timeout,throughput,385341.0,382060.0,352513.0,60.073728686807385,59.87235667395224,57.274467860228825,301.0386657904539,298.48390345512934,275.4002233993075,4632576.0,4628480.0,4608000.0,0.0,0.0,0.0,3,3,1,91.40786624105576,91.20555666665392,90.002735208931,4661248.0,4657152.0,4653056.0,shm_copy,True
395.9217044369297,378.63559634932767,362.5746572944339,0.0,0.0,0.0,147795.0,141137.0,99986.0,982862335.0,967422606.0,941285296.0,0.0,0.0,0.0,0.0,0.0,0.0,main,65553.0,64481.0,62852.0,109090.20000000007,93756.20000000003,90853.40000000001,219722.84,215880.4799999981,214987.0400000001,4096,101355.956335854,96930.71266542788,92819.11226737508,506780.0,484654.0,464096.0,506780.0,484654.0,464096.0,block_with_timeout,throughput,506780.0,484654.0,464096.0,81.8245041781097,81.62661898814933,80.02988554605311,395.9217044369297,378.63559634932767,362.5746572944339,4665344.0,4661248.0,4657152.0,0.0,0.0,0.0,3,3,1,90.60567048015075,89.40994694421894,89.21051023888204,4624384.0,4624384.0,4616192.0,shm_loan,True
379.279642409862,372.4287976497626,343.54747272694004,0.0,0.0,0.0,0.0,0.0,0.0,0.0,0.0,0.0,0.0,0.0,0.0,0.0,0.0,0.0,main,244029.0,216622.0,213483.0,425416.1000000001,368210.5,356502.2,686811.4800000014,544146.6000000002,540165.5999999996,4096,97095.58845692467,95341.77219833923,87948.15301809665,485498.0,476709.0,439741.0,485498.0,476709.0,439741.0,block_with_timeout,throughput,485498.0,476709.0,439741.0,42.509075815880266,42.109411631348124,42.10936313306598,379.279642409862,372.4287976497626,343.54747272694004,4390912.0,4378624.0,4370432.0,0.0,0.0,0.0,3,3,1,100.5835024600249,99.5869898221796,99.1866236055925,4325376.0,4284416.0,4255744.0,uds,True
7.81231705428415,7.812298030221484,7.795184794605584,0.0,0.0,0.0,0.0,0.0,0.0,0.0,0.0,0.0,22.0,0.0,0.0,0.0022,0.0,0.0,main,241784.5,161672.5,155067.0,469830.10000000027,257862.7,232165.30000000002,4315719.709999999,511578.5200000001,395510.4800000007,4096,999.9765829483712,999.97414786835,997.7836537095147,5000.0,5000.0,5000.0,10000.0,10000.0,9978.0,block_with_timeout,latency,5000.0,5000.0,5000.0,23.348434049447622,15.965282547990784,13.96949878678562,3.9061860065171294,3.906158527142075,3.906149015110742,28872704.0,28872704.0,28835840.0,0.0,0.0,0.0,3,3,2,98.78183636304763,84.0172994088015,80.42440015820864,58175488.0,58159104.0,58146816.0,ros2,True
7.812351348141018,7.8123349706736125,7.8121375105698,0.0,0.0,0.0,0.0,0.0,0.0,0.0,0.0,0.0,0.0,0.0,0.0,0.0,0.0,0.0,main,181194.0,177878.0,142800.0,319965.7,311268.1,289582.3,519928.9800000003,463638.92000000004,463609.7900000001,4096,999.9809725620503,999.9788762462224,999.9536013529344,5000.0,5000.0,5000.0,10000.0,10000.0,10000.0,block_with_timeout,latency,5000.0,5000.0,5000.0,12.173639704561406,10.97626773733952,10.777082060827382,3.906175674070509,3.9061674853368062,3.9060687552849,4673536.0,4669440.0,4653056.0,0.0,0.0,0.0,3,3,2,9.579257472441764,8.381877181241087,8.18259934248005,9469952.0,9461760.0,9420800.0,shm_copy,True
7.812328091282817,7.812323907094204,7.812008807447017,0.0,0.0,0.0,0.0,0.0,0.0,0.0,0.0,0.0,0.0,0.0,0.0,0.0,0.0,0.0,main,164891.0,163671.5,124725.5,294001.4,291641.5,256829.0,449223.7,413739.6300000001,409598.4100000003,4096,999.9779956842006,999.9774601080582,999.9371273532182,5000.0,5000.0,5000.0,10000.0,10000.0,10000.0,block_with_timeout,latency,5000.0,5000.0,5000.0,12.3727489042479,11.175485410509047,10.976417128277992,3.9061640456414084,3.906161953547102,3.9060044037235087,4677632.0,4653056.0,4653056.0,0.0,0.0,0.0,3,3,2,9.379341911284698,8.182051818408407,7.9828488205658115,9465856.0,9433088.0,9392128.0,shm_loan,True
7.812372100531394,7.81237177241715,7.812277003240308,0.0,0.0,0.0,0.0,0.0,0.0,0.0,0.0,0.0,0.0,0.0,0.0,0.0,0.0,0.0,main,97400.0,95187.0,78085.0,134974.0,130610.90000000001,122639.90000000001,243817.03000000006,200539.51000000015,195585.52000000005,4096,999.9836288680184,999.9835868693953,999.9714564147595,5000.0,5000.0,5000.0,10000.0,10000.0,10000.0,block_with_timeout,latency,5000.0,5000.0,5000.0,8.580621151081033,7.98280733046491,7.782255733186413,3.906186050265697,3.906185886208575,3.906138501620154,4399104.0,4358144.0,4304896.0,0.0,0.0,0.0,3,3,2,9.378818467460665,8.380890789585369,8.182377513726532,8777728.0,8761344.0,8720384.0,uds,True
107.86525987609532,100.39863244206626,51.123718330595494,0.0,0.0,0.0,0.0,0.0,0.0,0.0,0.0,0.0,47959.0,23523.0,12894.0,0.42292633027037513,0.15472197008563873,0.08541222294352221,main,242358.5,115070.0,115011.0,812466.0,388447.4000000001,260046.6000000001,4385786.849999968,1453488.68,1144728.0400000021,4096,13806.753264140201,12851.024952584481,6543.835946316223,76017.0,75481.0,56699.0,138068.0,128511.0,65439.0,block_with_timeout,throughput,76017.0,75481.0,56699.0,111.75309751200527,111.35454191822305,110.35951317905838,59.38793443634048,58.969331638812406,44.29566016636003,28917760.0,28909568.0,28897280.0,0.0,0.0,0.0,3,3,2,223.10707681861055,219.52163561838012,199.16099074262831,59265024.0,58941440.0,58810368.0,ros2,True
419.9010918748562,362.8702646736991,259.5714887576247,0.0,0.0,0.0,12220.0,6189.0,5870.0,892114151.0,247493896.0,243718605.0,0.0,0.0,0.0,0.0,0.0,0.0,main,54408.5,30881.5,27995.5,162611.3,99853.0,82122.50000000007,1284355.26000001,293499.10000000097,165361.51999999996,4096,53747.339759981594,46447.39387823349,33225.15056097596,268737.0,232237.0,166126.0,537474.0,464474.0,332252.0,block_with_timeout,throughput,268737.0,232237.0,166126.0,91.40025676727304,90.60690351428335,77.22255193518215,209.9505459374281,181.43513233684956,129.78574437881235,4653056.0,4640768.0,4636672.0,0.0,0.0,0.0,3,3,2,127.52131893949229,121.12167706629346,118.54735834247646,9314304.0,9236480.0,9216000.0,shm_copy,True
210.78587468580935,203.07108874935858,158.53769346360187,0.0,0.0,0.0,2426.0,1899.0,1643.0,486344582.0,146745261.0,69087421.0,0.0,0.0,0.0,0.0,0.0,0.0,main,41987.0,34263.5,32210.0,154472.0,76773.49999999999,67623.8,305735.38999999996,235972.79000000024,150546.51,4096,26980.591959783596,25993.0993599179,20292.82476334104,134903.0,129966.0,101465.0,269806.0,259932.0,202930.0,block_with_timeout,throughput,134903.0,129966.0,101465.0,93.20126364608561,92.20303267299374,82.81584122130195,105.39293734290467,101.53554437467929,79.26884673180093,4677632.0,4644864.0,4628480.0,0.0,0.0,0.0,3,3,2,96.5852220508678,93.40083808644124,93.20090099196553,9306112.0,9240576.0,9236480.0,shm_loan,True
671.7415996897166,660.3847693411823,402.77734533994385,0.0,0.0,0.0,0.0,0.0,0.0,0.0,0.0,0.0,0.0,0.0,0.0,0.0,0.0,0.0,main,239679.5,183877.5,181761.5,576234.0,396222.3,382791.5,1462687.500000002,724690.0999999976,720105.7199999997,4096,85982.92476028373,84529.25047567133,51555.50020351281,429923.0,422658.0,257798.0,859846.0,845316.0,515596.0,block_with_timeout,throughput,429923.0,422658.0,257798.0,68.25071567368421,66.05888468025242,58.66993667083739,335.8707998448583,330.19238467059114,201.38867266997192,4382720.0,4374528.0,4366336.0,0.0,0.0,0.0,3,3,2,185.2043655083814,184.59623391274238,168.62617852672648,8609792.0,8577024.0,8577024.0,uds,True
15.599677904090507,15.596571684112517,15.422191563945987,0.0,0.0,0.0,0.0,0.0,0.0,0.0,0.0,0.0,259.0,36.0,32.0,0.01295,0.0018,0.0016,main,283777.0,192970.0,190098.5,1866190.0,278969.30000000005,273921.99999999994,6621831.9999999935,1435878.8999999906,716811.8599999985,4096,998.3793858617925,998.1805877832011,987.0202600925431,5000.0,5000.0,5000.0,19968.0,19964.0,19741.0,block_with_timeout,latency,5000.0,5000.0,5000.0,35.58411044217256,21.152350105179096,20.753441293984412,3.9061740342898505,3.906169346977791,3.906132304327538,29466624.0,29446144.0,29409280.0,0.0,0.0,0.0,3,3,4,221.5010919658831,179.19798348075,177.4003702217379,119365632.0,119025664.0,118808576.0,ros2,True
15.624739129355497,15.624676822309542,15.62453063597479,0.0,0.0,0.0,0.0,0.0,0.0,0.0,0.0,0.0,0.0,0.0,0.0,0.0,0.0,0.0,main,216138.0,212522.5,174729.0,360937.1,353075.00000000006,320045.0,575066.01,512181.0599999992,503434.7199999994,4096,999.9833042787518,999.9793166278107,999.9699607023865,5000.0,5000.0,5000.0,20000.0,20000.0,20000.0,block_with_timeout,latency,5000.0,5000.0,5000.0,17.960477839235338,16.563769857518498,15.965225408178647,3.9061847823388742,3.9061692055773856,3.9061326589936973,4685824.0,4665344.0,4616192.0,0.0,0.0,0.0,3,3,4,18.9582821636373,17.96071430333331,17.56174794899651,18833408.0,18767872.0,18763776.0,shm_copy,True
15.624669881974734,15.624603428815453,15.624046998754073,0.0,0.0,0.0,0.0,0.0,0.0,0.0,0.0,0.0,0.0,0.0,0.0,0.0,0.0,0.0,main,183776.0,183557.5,155338.0,324367.00000000023,323432.1,299505.20000000007,517730.08999999857,472584.48999999976,471677.6499999999,4096,999.978872446383,999.974619444189,999.9390079202607,5000.0,5000.0,5000.0,20000.0,20000.0,20000.0,block_with_timeout,latency,5000.0,5000.0,5000.0,18.956639046423255,17.36205970136546,16.962466204504068,3.9061674704936835,3.9061508572038632,3.9060117496885183,4685824.0,4628480.0,4628480.0,0.0,0.0,0.0,3,3,4,18.956639046423255,18.16031531981904,17.36158305637475,18882560.0,18857984.0,18817024.0,shm_loan,True
15.624566455779812,15.62431142409609,15.624212636553237,0.0,0.0,0.0,0.0,0.0,0.0,0.0,0.0,0.0,0.0,0.0,0.0,0.0,0.0,0.0,main,109784.0,108824.0,103649.5,173683.0,169172.0,165059.2,304807.129999999,291585.91999999876,265877.00999999954,4096,999.972253169908,999.9559311421498,999.9496087394072,5000.0,5000.0,5000.0,20000.0,20000.0,20000.0,block_with_timeout,latency,5000.0,5000.0,5000.0,14.766561523059782,13.170581333446501,12.771591625113455,3.906141613944953,3.9060778560240226,3.906053159138309,4399104.0,4378624.0,4362240.0,0.0,0.0,0.0,3,3,4,18.557975968169725,17.560938484531,16.962112323378072,17506304.0,17502208.0,17432576.0,uds,True
164.2140874127562,157.06916691500692,57.38902632195781,0.0,0.0,0.0,0.0,0.0,0.0,0.0,0.0,0.0,272834.0,224930.0,210653.0,0.7878726623774156,0.5280245267427884,0.5005441394517736,main,475639.0,272123.0,252827.0,3239911.8000000007,831995.2000000001,727825.6000000004,8475199.940000013,2402771.5199999996,2213337.8599999985,4096,10509.701594416396,10052.426682560443,3672.8976846052997,106496.0,105212.0,86573.0,210195.0,201054.0,73458.0,block_with_timeout,throughput,106496.0,105212.0,86573.0,114.34828445838794,113.91271382998187,109.12316526725022,83.19773792006414,82.19649641937679,67.63511361282438,29515776.0,29499392.0,29446144.0,0.0,0.0,0.0,3,3,4,403.11262583934314,403.0757566291667,340.1371056319225,120598528.0,120561664.0,120401920.0,ros2,True
153.5485617720413,151.93007354466852,112.97373160974092,0.0,0.0,0.0,529.0,105.0,28.0,260161885.0,56484740.0,7121143.0,0.0,0.0,0.0,0.0,0.0,0.0,main,89338.0,80427.0,80401.0,199978.6000000002,166444.39999999997,121966.5,491932.3400000002,278016.3599999998,273040.00000000076,4096,9827.107953410643,9723.524706858785,7230.318823023419,49136.0,48618.0,36153.0,196544.0,194472.0,144612.0,block_with_timeout,throughput,49136.0,48618.0,36153.0,95.3950305549443,93.39687940196237,87.60500111425186,38.387140443010324,37.98251838616713,28.24343290243523,4665344.0,4661248.0,4628480.0,0.0,0.0,0.0,3,3,4,110.35998784035297,109.36501410901563,108.75791710083662,18604032.0,18554880.0,18518016.0,shm_copy,True
139.45441893558848,139.3382832250768,105.85246973974272,0.0,0.0,0.0,315.0,62.0,8.0,186690278.0,33613681.0,13177907.0,0.0,0.0,0.0,0.0,0.0,0.0,main,85194.5,77090.0,76694.0,184095.5,153618.7,125047.6,3083792.2,227124.48000000004,174908.08000000005,4096,8925.082811877663,8917.650126404915,6774.558063343534,44626.0,44589.0,33877.0,178504.0,178356.0,135508.0,block_with_timeout,throughput,44626.0,44589.0,33877.0,94.99294649658093,94.19203931180373,91.20025002030239,34.86360473389712,34.8345708062692,26.46311743493568,4685824.0,4677632.0,4665344.0,0.0,0.0,0.0,3,3,4,101.77815696062244,101.77708426773353,97.78410860759284,18628608.0,18599936.0,18538496.0,shm_loan,True
211.74771342114184,205.4138321874436,172.08216708254704,0.0,0.0,0.0,0.0,0.0,0.0,0.0,0.0,0.0,0.0,0.0,0.0,0.0,0.0,0.0,main,86383.5,68090.5,65071.0,668485.3,165519.7,98693.6,2515532.7400000067,497647.88000000414,446848.3500000003,4096,13551.853658953078,13146.48525999639,11013.25869328301,67760.0,65734.0,55067.0,271040.0,262936.0,220268.0,block_with_timeout,throughput,67760.0,65734.0,55067.0,99.786199944128,99.57872623192249,89.78106802800548,52.93692835528546,51.3534580468609,43.02054177063676,4382720.0,4374528.0,4370432.0,0.0,0.0,0.0,3,3,4,152.3678704617821,131.71778392624896,127.31708884963236,17240064.0,17235968.0,17178624.0,uds,True
31.249803369987234,31.2492311751654,31.24923000647295,0.0,0.0,0.0,0.0,0.0,0.0,0.0,0.0,0.0,0.0,0.0,0.0,0.0,0.0,0.0,main,256401.5,184528.0,180572.0,384464.8,275970.1,269338.8,1931731.1599999638,408681.07999999955,392464.39999999985,65536,499.99685391979574,499.9876988026464,499.9876801035672,2500.0,2500.0,2500.0,2500.0,2500.0,2500.0,block_with_timeout,latency,2500.0,2500.0,2500.0,11.77413670289266,7.583531059446969,7.384210040917232,31.249803369987234,31.2492311751654,31.24923000647295,28880896.0,28872704.0,28852224.0,0.0,0.0,0.0,3,3,1,46.896985172538564,39.51550238112465,38.71592172454505,29081600.0,28811264.0,28704768.0,ros2,True
31.249247699361035,31.249123180852667,31.248967346625065,0.0,0.0,0.0,0.0,0.0,0.0,0.0,0.0,0.0,0.0,0.0,0.0,0.0,0.0,0.0,main,254532.5,254013.0,224442.0,332660.6,331855.3,331839.1,594401.2499999977,544416.8699999999,518134.2199999999,65536,499.98796318977656,499.9859708936427,499.98347754600104,2500.0,2500.0,2500.0,2500.0,2500.0,2500.0,block_with_timeout,latency,2500.0,2500.0,2500.0,8.181929198067566,6.984731251747893,6.78558527399002,31.249247699361035,31.249123180852667,31.248967346625065,4841472.0,4792320.0,4751360.0,0.0,0.0,0.0,3,3,1,5.388099715800593,4.191096786876189,4.1908387510487355,4784128.0,4759552.0,4698112.0,shm_copy,True
31.249195739449252,31.249117262435924,31.248384589759926,0.0,0.0,0.0,0.0,0.0,0.0,0.0,0.0,0.0,0.0,0.0,0.0,0.0,0.0,0.0,main,242209.0,240366.0,208053.5,308982.5,308210.99999999994,307887.4,505799.5099999998,490373.4899999987,482834.96999999986,65536,499.98713183118804,499.9858761989748,499.9741534361588,2500.0,2500.0,2500.0,2500.0,2500.0,2500.0,block_with_timeout,latency,2500.0,2500.0,2500.0,8.181757658584923,6.984752996645815,6.78538544412817,31.249195739449252,31.249117262435924,31.248384589759926,4972544.0,4780032.0,4767744.0,0.0,0.0,0.0,3,3,1,6.186207010149576,4.390543522671169,4.390416169320227,4935680.0,4718592.0,4706304.0,shm_loan,True
31.249484033519227,31.24934123888721,31.249102857006438,0.0,0.0,0.0,0.0,0.0,0.0,0.0,0.0,0.0,0.0,0.0,0.0,0.0,0.0,0.0,main,103714.5,97572.5,90667.0,156874.19999999995,132191.8,130198.19999999998,359151.3999999998,283310.75999999896,208654.46999999986,65536,499.99174453630764,499.9894598221954,499.985645712103,2500.0,2500.0,2500.0,2500.0,2500.0,2500.0,block_with_timeout,latency,2500.0,2500.0,2500.0,5.986642021238125,4.7896042807679855,4.390507816052583,31.249484033519227,31.24934123888721,31.249102857006438,4435968.0,4427776.0,4427776.0,0.0,0.0,0.0,3,3,1,6.784860957403209,4.789644890239182,4.5900374357359865,4419584.0,4395008.0,4374528.0,uds,True
555.396028585158,529.3926723583863,415.89902230457835,0.0,0.0,0.0,0.0,0.0,0.0,0.0,0.0,0.0,3010.0,989.0,689.0,0.08296124800176397,0.02281903970835929,0.015270051638926443,main,253172.5,149946.0,138260.0,905646.1,459611.00000000006,388533.0000000002,5536010.390000012,919838.34,717547.5600000002,65536,8886.336457362528,8470.282757734181,6654.384356873254,45121.0,43341.0,36282.0,44432.0,42352.0,33272.0,block_with_timeout,throughput,45121.0,43341.0,36282.0,113.35770506970668,112.75370891647674,112.1598851346703,564.0084670010558,541.7550012439748,453.52393385593626,29208576.0,29167616.0,29159424.0,0.0,0.0,0.0,3,3,1,118.34704068016913,116.14629838829993,115.15347637491948,29642752.0,29638656.0,29581312.0,ros2,True
28.44890166187398,28.294750599418194,28.212350034432156,0.0,0.0,0.0,4547.0,4523.0,4509.0,4488156108.0,4480752358.0,4457871669.0,2273.0,2264.0,2255.0,0.5,0.49977836879432624,0.49967025719938446,backpressure,5391440.0,5353389.0,5253928.0,5423816.0,5386860.2,5330633.6,5431100.6,5394391.22,5347892.36,65536,455.18242658998366,452.7160095906911,451.3976005509145,2276.0,2264.0,2257.0,2276.0,2264.0,2257.0,block_with_timeout,throughput,4549.0,4528.0,4512.0,6.985053205729459,6.984875818822631,6.785074483545399,28.44890166187398,28.294750599418194,28.212350034432156,4915200.0,4890624.0,4886528.0,2273.0,2264.0,2255.0,3,3,1,5.188896667113313,4.7896291329069465,4.589903327104239,4788224.0,4784128.0,4755456.0,shm_copy,True
28.687475753345492,28.662446940078226,28.51246771818405,0.0,0.0,0.0,0.0,0.0,0.0,0.0,0.0,0.0,201414.0,198333.0,189732.0,0.988743636693879,0.9885609187152342,0.9881205960013124,backpressure,4323202.0,4284986.0,4275756.0,4455236.4,4336460.4,4307045.6,4484944.14,4348042.14,4314085.76,65536,458.99961205352787,458.5991510412516,456.1994834909448,2295.0,2293.0,2281.0,2295.0,2293.0,2281.0,drop_newest,throughput,203707.0,200628.0,192013.0,92.4005057556915,92.39917079044938,91.40472849538956,28.687475753345492,28.662446940078226,28.51246771818405,4919296.0,4907008.0,4894720.0,201414.0,198333.0,189732.0,3,3,1,3.7917586285497586,3.392675157336405,3.193178288048544,4800512.0,4800512.0,4775936.0,shm_copy,True
29.11178956753211,28.67467780558524,28.637407638632883,0.0,0.0,0.0,0.0,0.0,0.0,0.0,0.0,0.0,209987.0,205121.0,198917.0,0.9891935689015974,0.988954351725069,0.9884270991721574,backpressure,69172.0,40750.0,39710.0,179786.40000000002,175202.0,45286.0,205453.69999999998,204674.63999999998,46540.6,65536,465.78863308051376,458.79484488936384,458.19852221812613,212281.0,207412.0,201246.0,2329.0,2294.0,2291.0,drop_oldest,throughput,212281.0,207412.0,201246.0,94.9989123064768,91.80203443930586,91.80080384081887,2653.4826849378555,2592.6416382121884,2515.513612412008,4898816.0,4894720.0,4890624.0,209987.0,205121.0,198917.0,3,3,1,3.5923958435222323,3.5922053676842167,3.3926838814526086,4845568.0,4833280.0,4808704.0,shm_copy,True
1085.427381428865,1070.5323314699037,720.4765277188641,0.0,0.0,0.0,50215.0,47630.0,35590.0,2292834581.0,2187581509.0,2114190321.0,0.0,0.0,0.0,0.0,0.0,0.0,main,546978.0,453361.0,446248.5,887949.2,751813.8000000003,623088.0,1830417.3599999999,896638.3000000007,854094.7000000001,65536,17366.83810286184,17128.51730351846,11527.624443501825,86835.0,85643.0,57639.0,86835.0,85643.0,57639.0,block_with_timeout,throughput,86835.0,85643.0,57639.0,56.2783017181613,55.682329895387916,52.88714536865547,1085.427381428865,1070.5323314699037,720.4765277188641,5345280.0,5324800.0,5316608.0,0.0,0.0,0.0,3,3,1,100.38785640638037,98.985949121305,97.79132539864597,5271552.0,5267456.0,5263360.0,shm_copy,True
1087.165472516665,1063.866108419839,686.4449061669293,0.0,0.0,0.0,50786.0,50420.0,34223.0,2385020715.0,2244832314.0,2235650463.0,0.0,0.0,0.0,0.0,0.0,0.0,main,628211.0,446832.0,435549.0,967286.8,589634.0,524632.4,4048664.1200000006,1155306.0500000035,731700.0,65536,17394.64756026664,17021.857734717425,10983.118498670869,86974.0,85110.0,54916.0,86974.0,85110.0,54916.0,block_with_timeout,throughput,86974.0,85110.0,54916.0,54.283522098703074,53.88466937034121,50.090141570251646,1087.165472516665,1063.866108419839,686.4449061669293,5328896.0,5279744.0,5275648.0,0.0,0.0,0.0,3,3,1,99.18717089358613,98.78856051229221,96.18903680024421,5275648.0,5238784.0,5234688.0,shm_loan,True
1104.8227538953413,1104.5717419654645,780.3373821690553,0.0,0.0,0.0,0.0,0.0,0.0,0.0,0.0,0.0,0.0,0.0,0.0,0.0,0.0,0.0,main,138062.0,118561.0,106033.0,217412.4,182387.2,179014.2,533270.1000000011,356309.4400000016,227592.3600000003,65536,17677.16406232546,17673.147871447432,12485.398114704885,88386.0,88369.0,62427.0,88386.0,88369.0,62427.0,block_with_timeout,throughput,88386.0,88369.0,62427.0,50.892747077628755,50.291694733217554,48.49416110538632,1104.8227538953413,1104.5717419654645,780.3373821690553,4452352.0,4423680.0,4403200.0,0.0,0.0,0.0,3,3,1,100.58801775343096,99.38596816326326,96.38962886379255,4378624.0,4358144.0,4349952.0,uds,True
62.499012240610945,62.4988302968917,62.49865069163076,0.0,0.0,0.0,0.0,0.0,0.0,0.0,0.0,0.0,0.0,0.0,0.0,0.0,0.0,0.0,main,217008.0,213995.5,211821.0,308309.00000000006,307480.7,297282.9,551997.0000000001,499276.89000000065,426078.83000000037,65536,499.99209792488756,499.9906423751336,499.98920553304606,2500.0,2500.0,2500.0,5000.0,5000.0,5000.0,block_with_timeout,latency,2500.0,2500.0,2500.0,10.77685836061803,10.776123384377472,10.576986273841989,31.249506120305472,31.24941514844585,31.24932534581538,29204480.0,29188096.0,29114368.0,0.0,0.0,0.0,3,3,2,82.82215221586077,81.82196928821159,81.41959890418534,59064320.0,58785792.0,58646528.0,ros2,True
62.49899300372493,62.498624205285644,62.49851736017237,0.0,0.0,0.0,0.0,0.0,0.0,0.0,0.0,0.0,0.0,0.0,0.0,0.0,0.0,0.0,main,276369.5,275064.0,265052.5,364644.1,351175.4,343122.0,584999.0100000002,569964.9900000002,525157.9600000001,65536,499.9919440297994,499.98899364228515,499.988138881379,2500.0,2500.0,2500.0,5000.0,5000.0,5000.0,block_with_timeout,latency,2500.0,2500.0,2500.0,8.38206770944237,8.381894962727134,7.983119231374558,31.249496501862463,31.249312102642822,31.249258680086186,4820992.0,4767744.0,4767744.0,0.0,0.0,0.0,3,3,2,8.581463890411115,8.38206770944237,8.18269721215892,9584640.0,9433088.0,9424896.0,shm_copy,True
62.49840627814022,62.49824907405324,62.49823999956302,0.0,0.0,0.0,0.0,0.0,0.0,0.0,0.0,0.0,0.0,0.0,0.0,0.0,0.0,0.0,main,261782.0,254253.5,250731.5,330771.9,326308.5,325412.20000000007,519908.17000000057,514903.8300000002,500740.01000000007,65536,499.9872502251218,499.98599259242593,499.98591999650415,2500.0,2500.0,2500.0,5000.0,5000.0,5000.0,block_with_timeout,latency,2500.0,2500.0,2500.0,8.380415884897088,8.182087814276125,7.982214752263557,31.24920313907011,31.24912453702662,31.24911999978151,4792320.0,4775936.0,4763648.0,0.0,0.0,0.0,3,3,2,8.381650931697495,8.181770121070144,8.18088217335192,9474048.0,9474048.0,9453568.0,shm_loan,True
62.498914643848295,62.49865592890505,62.49862373030656,0.0,0.0,0.0,0.0,0.0,0.0,0.0,0.0,0.0,0.0,0.0,0.0,0.0,0.0,0.0,main,120281.0,120144.5,117481.0,163820.80000000002,163661.0,159944.10000000003,303660.32,301266.31,269747.82000000007,65536,499.99131715078636,499.9892474312404,499.9889898424525,2500.0,2500.0,2500.0,5000.0,5000.0,5000.0,block_with_timeout,latency,2500.0,2500.0,2500.0,6.5854541029699165,6.186562968352669,6.186289349195012,31.249457321924147,31.249327964452526,31.24931186515328,4460544.0,4440064.0,4440064.0,0.0,0.0,0.0,3,3,2,9.379212884263406,9.179723901109579,8.98049463147968,8830976.0,8826880.0,8753152.0,uds,True
725.9761155329467,722.1701465402467,708.4424067725957,0.0,0.0,0.0,0.0,0.0,0.0,0.0,0.0,0.0,1372.0,1203.0,843.0,0.02363561190738699,0.020397436332191664,0.01430704999830284,main,203421.0,189918.0,188498.5,723841.7000000004,385197.7000000002,285738.5,1150587.82,776252.9199999978,690340.9999999999,65536,5807.808924263573,5777.361172321974,5667.539254180766,29489.0,29461.0,29024.0,58079.0,57775.0,56676.0,block_with_timeout,throughput,29489.0,29461.0,29024.0,113.75318477793257,113.55115890320799,113.357515329122,368.6036426019097,368.256725145339,362.79611147871793,29532160.0,29499392.0,29491200.0,0.0,0.0,0.0,3,3,2,209.34577338956362,208.5429895498284,208.35430634437213,60375040.0,60256256.0,60100608.0,ros2,True
2089.781365837517,2057.361624269136,2057.0683664026615,0.0,0.0,0.0,40487.0,40317.0,38263.0,1618800052.0,1615476052.0,1572626676.0,0.0,0.0,0.0,0.0,0.0,0.0,main,263951.0,244324.5,239750.0,534161.0,525611.6000000003,524072.5,877288.3999999996,869724.4700000004,864485.55,65536,16718.250926700137,16458.892994153088,16456.54693122129,83592.0,82295.0,82284.0,167184.0,164590.0,164568.0,block_with_timeout,throughput,83592.0,82295.0,82284.0,68.05147168806847,67.85450439036038,67.25685994203565,1044.8906829187586,1028.680812134568,1028.5341832013307,5328896.0,5296128.0,5292032.0,0.0,0.0,0.0,3,3,2,181.6105852800822,180.8151783604875,179.80755422565892,10551296.0,10526720.0,10461184.0,shm_copy,True
2112.2790749185724,2052.7054936500276,2025.4946352749091,0.0,0.0,0.0,40079.0,38172.0,38080.0,1591368851.0,1578456801.0,1575490166.0,0.0,0.0,0.0,0.0,0.0,0.0,main,270274.0,263687.0,208922.0,609314.6000000006,559044.3999999999,534970.0,884379.9400000003,819909.3499999997,818441.98,65536,16898.23259934858,16421.64394920022,16203.957082199273,84492.0,82110.0,81020.0,168984.0,164220.0,162040.0,block_with_timeout,throughput,84492.0,82110.0,81020.0,68.65543410603682,67.85244541250228,67.65306784698588,1056.1395374592862,1026.3527468250138,1012.7473176374546,5353472.0,5304320.0,5300224.0,0.0,0.0,0.0,3,3,2,182.2163120314291,180.00904778165562,178.6115842476163,10539008.0,10510336.0,10416128.0,shm_loan,True
2029.4121767821673,1959.3138855960526,1956.7925657536841,0.0,0.0,0.0,0.0,0.0,0.0,0.0,0.0,0.0,0.0,0.0,0.0,0.0,0.0,0.0,main,106432.5,92172.5,89173.0,225973.2,203261.30000000008,200594.6,483736.00000000163,315242.41000000044,291113.8000000002,65536,16235.297414257338,15674.511084768421,15654.340526029473,81180.0,78373.0,78272.0,162360.0,156746.0,156544.0,block_with_timeout,throughput,81180.0,78373.0,78272.0,65.85677713100681,65.46034146115876,65.06040324977612,1014.7060883910837,979.6569427980263,978.3962828768421,4435968.0,4431872.0,4419584.0,0.0,0.0,0.0,3,3,2,182.80997798299217,180.81204093342689,179.40982618416706,8749056.0,8720384.0,8683520.0,uds,True
124.99868988873128,124.99737907995492,124.86167586299463,0.0,0.0,0.0,0.0,0.0,0.0,0.0,0.0,0.0,11.0,0.0,0.0,0.0011,0.0,0.0,main,311854.0,310112.5,306007.0,427749.2000000001,413475.40000000014,410795.60000000003,1666644.7100000025,1424928.7600000193,838951.6600000003,65536,499.9947595549251,499.9895163198197,499.4467034519785,2500.0,2500.0,2500.0,10000.0,10000.0,9989.0,block_with_timeout,latency,2500.0,2500.0,2500.0,18.35912785213031,17.96092701268919,17.56212751785415,31.249793738861406,31.24967247218282,31.24934476998873,30085120.0,30076928.0,29777920.0,0.0,0.0,0.0,3,3,4,184.58905720891886,183.40102138512626,181.80793373596742,122658816.0,121872384.0,120483840.0,ros2,True
124.99696987345511,124.99688040285703,124.99683695504085,0.0,0.0,0.0,0.0,0.0,0.0,0.0,0.0,0.0,0.0,0.0,0.0,0.0,0.0,0.0,main,316966.0,306253.0,299662.5,403819.60000000003,403108.80000000005,401112.20000000007,665334.7000000007,653797.0600000003,609743.9400000001,65536,499.98787949382046,499.9875216114281,499.9873478201634,2500.0,2500.0,2500.0,10000.0,10000.0,10000.0,block_with_timeout,latency,2500.0,2500.0,2500.0,11.374910809664538,11.175550229531797,11.173365012940632,31.24924246836378,31.249220100714258,31.249209238760212,4919296.0,4812800.0,4804608.0,0.0,0.0,0.0,3,3,4,19.752913147877187,19.357304360306323,19.158086107768792,19476480.0,19238912.0,18952192.0,shm_copy,True
124.99793548409838,124.99716788916827,124.99676133391384,0.0,0.0,0.0,0.0,0.0,0.0,0.0,0.0,0.0,0.0,0.0,0.0,0.0,0.0,0.0,main,277223.5,272467.5,270298.0,357299.0,355188.3,352225.10000000003,600480.6800000003,597403.5400000004,584407.71,65536,499.9917419363935,499.98867155667307,499.98704533565535,2500.0,2500.0,2500.0,10000.0,10000.0,10000.0,block_with_timeout,latency,2500.0,2500.0,2500.0,11.37516823523346,11.17604826672961,11.174968406036498,31.249483871024594,31.249291972292067,31.24919033347846,4894720.0,4870144.0,4812800.0,0.0,0.0,0.0,3,3,4,19.756871145405484,19.15893988582219,18.558429674310613,19476480.0,19243008.0,18886656.0,shm_loan,True
124.99730593306522,124.99668233805738,124.9947542701507,0.0,0.0,0.0,0.0,0.0,0.0,0.0,0.0,0.0,0.0,0.0,0.0,0.0,0.0,0.0,main,145274.0,144544.5,143542.0,217581.30000000002,214696.40000000002,212454.0,410591.25000000006,388312.49000000034,378506.77,65536,499.9892237322609,499.98672935222953,499.9790170806028,2500.0,2500.0,2500.0,10000.0,10000.0,10000.0,block_with_timeout,latency,2500.0,2500.0,2500.0,9.978359279652945,9.778632571116882,9.578493720317086,31.249326483266305,31.249170584514346,31.248688567537673,4460544.0,4440064.0,4435968.0,0.0,0.0,0.0,3,3,4,21.15377658241611,20.95455448727119,20.354299155673807,17625088.0,17596416.0,17575936.0,uds,True
1149.0672440128092,1060.188882918396,1022.7002305536581,0.0,0.0,0.0,0.0,0.0,0.0,0.0,0.0,0.0,43389.0,17721.0,9945.0,0.3465353651523864,0.17282036278525453,0.09762250667504319,main,755881.0,408122.5,305405.5,1633983.3000000003,1055234.0999999999,836835.6000000002,2864278.84,1796240.5399999975,1172964.16,65536,4596.268976051237,4240.755531673584,4090.8009222146325,31302.0,25635.0,25468.0,91927.0,84819.0,81819.0,block_with_timeout,throughput,31302.0,25635.0,25468.0,116.52974179902016,114.34573980672586,113.7462652281735,391.26074159780256,320.4228063713682,318.3443881614566,30199808.0,30126080.0,30040064.0,0.0,0.0,0.0,3,3,4,420.4249417303689,389.53382914961406,389.13195999111986,123064320.0,123043840.0,123023360.0,ros2,True
2858.4021377712443,2764.560747107776,2741.741248361935,0.0,0.0,0.0,21396.0,20502.0,20240.0,1144619680.0,1141472186.0,1138068866.0,0.0,0.0,0.0,0.0,0.0,0.0,main,226452.0,215362.0,196829.0,732569.9000000001,707743.7000000001,704668.4,1094485.3200000015,953656.6300000001,937626.2599999999,65536,11433.608551084977,11058.242988431104,10966.96499344774,57169.0,55292.0,54835.0,228676.0,221168.0,219340.0,block_with_timeout,throughput,57169.0,55292.0,54835.0,75.0335955041831,74.83388423757509,74.43330576315208,714.6005344428111,691.140186776944,685.4353120904838,5353472.0,5349376.0,5337088.0,0.0,0.0,0.0,3,3,4,332.2631290278321,327.26708163959626,326.475292300461,20979712.0,20971520.0,20930560.0,shm_copy,True
2722.2426069591174,2583.335495087862,2560.6274536752703,0.0,0.0,0.0,14404.0,14051.0,13898.0,882631902.0,847470709.0,710046995.0,0.0,0.0,0.0,0.0,0.0,0.0,main,187636.0,149672.0,116303.5,708090.5000000001,647293.8000000002,639726.4999999999,1146683.620000002,898628.5100000001,861768.61,65536,10888.97042783647,10333.341980351448,10242.509814701081,54446.0,51667.0,51213.0,217784.0,206668.0,204852.0,block_with_timeout,throughput,54446.0,51667.0,51213.0,83.61624141929653,79.78397119268742,78.82398728180011,680.5606517397794,645.8338737719655,640.1568634188176,5365760.0,5361664.0,5328896.0,0.0,0.0,0.0,3,3,4,314.30926070499294,310.93753184117526,310.3070891726561,21086208.0,20955136.0,20918272.0,shm_loan,True
2000.3910514506704,1958.9135732185405,1881.7495781117445,0.0,0.0,0.0,0.0,0.0,0.0,0.0,0.0,0.0,0.0,0.0,0.0,0.0,0.0,0.0,main,102339.5,96386.0,90164.0,228955.7,209445.69999999998,145351.90000000017,390763.85000000003,296722.28,281869.98000000033,65536,8001.5642058026815,7835.654292874162,7526.998312446978,40008.0,39179.0,37635.0,160032.0,156716.0,150540.0,block_with_timeout,throughput,40008.0,39179.0,37635.0,91.19850425552433,88.20553607736274,85.79718936078604,500.0977628626676,489.7283933046351,470.43739452793614,4464640.0,4460544.0,4407296.0,0.0,0.0,0.0,3,3,4,251.64520586777013,249.21090584098084,248.05194921141518,17502208.0,17428480.0,17420288.0,uds,True
49.99912886517778,49.998549372087645,49.998539992633674,0.0,0.0,0.0,0.0,0.0,0.0,0.0,0.0,0.0,0.0,0.0,0.0,0.0,0.0,0.0,main,11216939.0,11205674.0,11181677.0,11423189.8,11385553.5,11343821.8,13358326.97999997,11791160.23,11553479.62,1048576,49.99912886517778,49.998549372087645,49.998539992633674,250.0,250.0,250.0,250.0,250.0,250.0,block_with_timeout,latency,250.0,250.0,250.0,5.388177620594615,5.388176339939321,5.18885457904646,49.99912886517778,49.998549372087645,49.998539992633674,31809536.0,31764480.0,30732288.0,0.0,0.0,0.0,3,3,1,37.5176812100662,37.12026737317852,36.719423946253144,32141312.0,31072256.0,31047680.0,ros2,True
49.99939970720712,49.997793967335895,49.99767061852542,0.0,0.0,0.0,0.0,0.0,0.0,0.0,0.0,0.0,0.0,0.0,0.0,0.0,0.0,0.0,main,415834.0,407772.5,380752.0,530876.4999999999,526308.4,476673.5,832199.4299999996,740790.6899999991,729910.49,1048576,49.99939970720712,49.997793967335895,49.99767061852542,250.0,250.0,250.0,250.0,250.0,250.0,block_with_timeout,latency,250.0,250.0,250.0,2.99354224804391,2.990592337571522,2.5942684313879623,49.99939970720712,49.997793967335895,49.99767061852542,6750208.0,6721536.0,6721536.0,0.0,0.0,0.0,3,3,1,3.7880836275905954,3.392681214449765,3.3925048718150284,5701632.0,5697536.0,5664768.0,shm_copy,True
49.99876697040799,49.99841602018143,49.99823195252205,0.0,0.0,0.0,0.0,0.0,0.0,0.0,0.0,0.0,0.0,0.0,0.0,0.0,0.0,0.0,main,287752.0,287688.5,281836.0,341763.3,340495.8,330396.8,517467.96999999956,498709.14999999997,474305.2799999999,1048576,49.99876697040799,49.99841602018143,49.99823195252205,250.0,250.0,250.0,250.0,250.0,250.0,block_with_timeout,latency,250.0,250.0,250.0,2.3947981258408233,2.195299596614583,2.195269437599362,49.99876697040799,49.99841602018143,49.99823195252205,6758400.0,6750208.0,6717440.0,0.0,0.0,0.0,3,3,1,3.5921971887612347,3.3927357402225375,3.392689130835378,5664768.0,5664768.0,5636096.0,shm_loan,True
49.99932295916781,49.99917598358029,49.99805825541037,0.0,0.0,0.0,0.0,0.0,0.0,0.0,0.0,0.0,0.0,0.0,0.0,0.0,0.0,0.0,main,748735.0,742652.0,712791.0,902282.6,899681.9,882156.5,1073539.4299999997,1030343.4699999997,1002832.8999999997,1048576,49.99932295916781,49.99917598358029,49.99805825541037,250.0,250.0,250.0,250.0,250.0,250.0,block_with_timeout,latency,250.0,250.0,250.0,3.392735599382847,3.392595232087766,3.1930186696655967,49.99932295916781,49.99917598358029,49.99805825541037,5439488.0,5431296.0,5394432.0,0.0,0.0,0.0,3,3,1,4.989091671352494,4.789744375599312,4.789546210006257,5365760.0,5361664.0,5324800.0,uds,True
923.1990396883589,920.1204807957364,775.5773366995288,0.0,0.0,0.0,0.0,0.0,0.0,0.0,0.0,0.0,1855.0,1699.0,1392.0,0.28732961586121436,0.2690419635787807,0.26413662239089186,main,7340438.0,7237702.0,7139414.0,8744440.9,8702974.2,7680280.6,8974388.29,8769481.32,7873338.16,1048576,923.1990396883589,920.1204807957364,775.5773366995288,6456.0,6315.0,5270.0,4616.0,4601.0,3878.0,block_with_timeout,throughput,6456.0,6315.0,5270.0,107.3622018702277,107.36103062167726,107.1691720070206,1291.088420781846,1262.9986862287665,1053.9692017551617,39182336.0,39170048.0,39145472.0,0.0,0.0,0.0,3,3,1,119.53523962874795,119.13482394264186,118.94381101710295,39546880.0,39444480.0,39440384.0,ros2,True
1417.2849386919568,1405.497177761867,1358.6484968343882,0.0,0.0,0.0,6889.0,6603.0,6525.0,1876675281.0,1839477702.0,1829133954.0,0.0,0.0,0.0,0.0,0.0,0.0,main,5663756.5,5554929.5,5409997.0,8149921.200000002,8144133.6,7658092.6,11032847.819999997,8580331.959999999,8544789.66,1048576,1417.2849386919568,1405.497177761867,1358.6484968343882,7088.0,7028.0,6794.0,7088.0,7028.0,6794.0,block_with_timeout,throughput,7088.0,7028.0,6794.0,58.07512359385905,57.875453574846034,56.87759510407409,1417.2849386919568,1405.497177761867,1358.6484968343882,16109568.0,16101376.0,16093184.0,0.0,0.0,0.0,3,3,1,99.58568405941394,99.18672311391045,99.18655319551199,15106048.0,15101952.0,15052800.0,shm_copy,True
1478.1959798982132,1474.454449818768,1323.7804559701042,0.0,0.0,0.0,7327.0,7275.0,6567.0,2475622828.0,2361063074.0,2347883945.0,0.0,0.0,0.0,0.0,0.0,0.0,main,5686522.0,5269368.5,5178033.0,7400296.7,6836643.8,5753161.8,7789730.57,6844493.78,5933975.58,1048576,1478.1959798982132,1474.454449818768,1323.7804559701042,7391.0,7373.0,6619.0,7391.0,7373.0,6619.0,block_with_timeout,throughput,7391.0,7373.0,6619.0,48.298292248793764,47.09937066851798,46.700685612101616,1478.1959798982132,1474.454449818768,1323.7804559701042,16158720.0,16134144.0,16117760.0,0.0,0.0,0.0,3,3,1,101.586077498496,99.58821418990901,99.58722865928166,15101952.0,15097856.0,15048704.0,shm_loan,True
1198.086335392806,1167.8804984966002,915.6971833225833,0.0,0.0,0.0,0.0,0.0,0.0,0.0,0.0,0.0,0.0,0.0,0.0,0.0,0.0,0.0,main,920292.0,545114.0,482033.0,1092113.4,598383.5,592350.5,1178549.04,671270.4500000001,601853.15,1048576,1198.086335392806,1167.8804984966002,915.6971833225833,5991.0,5840.0,4579.0,5991.0,5840.0,4579.0,block_with_timeout,throughput,5991.0,5840.0,4579.0,52.4880476972007,52.08836877107766,50.09322008987592,1198.086335392806,1167.8804984966002,915.6971833225833,5439488.0,5402624.0,5402624.0,0.0,0.0,0.0,3,3,1,94.39877730084189,93.79897824676821,93.60035882124384,5357568.0,5324800.0,5292032.0,uds,True
99.99836716666188,99.99796342147737,99.99776255006294,0.0,0.0,0.0,0.0,0.0,0.0,0.0,0.0,0.0,0.0,0.0,0.0,0.0,0.0,0.0,main,11051447.5,11010105.0,1148460.0,11241354.9,11237446.9,11186417.0,11766028.76,11433641.67,11404457.84,1048576,49.99918358333094,49.99898171073868,49.99888127503147,250.0,250.0,250.0,500.0,500.0,500.0,block_with_timeout,latency,250.0,250.0,250.0,6.186785311168563,6.186704261514332,5.986876318092062,49.99918358333094,49.99898171073868,49.99888127503147,31072256.0,31072256.0,30908416.0,0.0,0.0,0.0,3,3,2,79.43034044661576,78.42807976700601,78.23187324237477,63188992.0,63066112.0,62988288.0,ros2,True
99.99923016592649,99.99636397221178,99.99631319593026,0.0,0.0,0.0,0.0,0.0,0.0,0.0,0.0,0.0,0.0,0.0,0.0,0.0,0.0,0.0,main,476362.0,442669.0,406914.5,630183.6,529776.5000000001,488897.6,829224.1099999998,716491.7899999997,706569.0099999999,1048576,49.999615082963246,49.99818198610589,49.99815659796513,250.0,250.0,250.0,500.0,500.0,500.0,block_with_timeout,latency,250.0,250.0,250.0,3.1930178138944907,2.793918361112918,2.793871456333232,49.999615082963246,49.99818198610589,49.99815659796513,6770688.0,6742016.0,6701056.0,0.0,0.0,0.0,3,3,2,7.383927097226998,7.184290081262604,6.585554147071189,11403264.0,11382784.0,11010048.0,shm_copy,True
99.99897461051434,99.99767913386545,99.99545628646271,0.0,0.0,0.0,0.0,0.0,0.0,0.0,0.0,0.0,0.0,0.0,0.0,0.0,0.0,0.0,main,303485.0,299768.5,271282.0,344121.60000000003,342248.0,325896.5,551378.7599999998,532192.39,422804.3799999999,1048576,49.99948730525717,49.99883956693272,49.997728143231356,250.0,250.0,250.0,500.0,500.0,500.0,block_with_timeout,latency,250.0,250.0,250.0,2.3949243391352013,2.3948142854321666,2.3947545712531952,49.99948730525717,49.99883956693272,49.997728143231356,6766592.0,6762496.0,6737920.0,0.0,0.0,0.0,3,3,2,7.583578570535194,7.184773017405605,6.9847008328218205,11407360.0,11386880.0,11345920.0,shm_loan,True
99.99777878933887,99.99776321003341,99.99627973840862,0.0,0.0,0.0,0.0,0.0,0.0,0.0,0.0,0.0,0.0,0.0,0.0,0.0,0.0,0.0,main,919769.0,912788.0,784864.0,1498897.6,1498841.2000000002,1380521.9000000001,1626188.46,1622017.8099999998,1600712.5499999998,1048576,49.99888939466943,49.998881605016706,49.99813986920431,250.0,250.0,250.0,500.0,500.0,500.0,block_with_timeout,latency,250.0,250.0,250.0,4.789300506316403,4.59004183630532,4.399522510142577,49.99888939466943,49.998881605016706,49.99813986920431,5439488.0,5439488.0,5390336.0,0.0,0.0,0.0,3,3,2,9.79893649986301,9.578601012632808,9.18008367261064,10727424.0,10670080.0,10665984.0,uds,True
1446.2935613450331,1400.849037445894,1363.9611609331503,0.0,0.0,0.0,0.0,0.0,0.0,0.0,0.0,0.0,728.0,721.0,528.0,0.09412981639513834,0.09064621574050792,0.0718562874251497,main,8951369.5,6922183.5,6576106.0,10507176.2,10394832.7,9596528.4,10657143.92,10579667.77,9767899.74,1048576,723.1467806725166,700.424518722947,681.9805804665751,3977.0,3867.0,3674.0,7233.0,7006.0,6820.0,block_with_timeout,throughput,3977.0,3867.0,3674.0,109.56303975285017,109.36185426040934,108.76378355190444,795.2315074615232,773.2062842996393,734.7790770188261,39518208.0,39489536.0,39485440.0,0.0,0.0,0.0,3,3,2,231.69888734619138,228.70197989494358,226.50806299341568,79970304.0,79921152.0,79900672.0,ros2,True
2603.9984318721445,2567.670872866311,2460.1036233699706,0.0,0.0,0.0,6403.0,6169.0,5822.0,2066823517.0,2045091564.0,1961058641.0,0.0,0.0,0.0,0.0,0.0,0.0,main,5212784.0,4487837.5,2697061.0,7654812.300000003,7293262.0,6328233.000000001,9640985.79,8755185.999999998,7216054.9799999995,1048576,1301.9992159360722,1283.8354364331556,1230.0518116849853,6510.0,6420.0,6161.0,13020.0,12840.0,12322.0,block_with_timeout,throughput,6510.0,6420.0,6161.0,56.954122650822036,55.480441811557824,55.2807911530971,1301.9992159360722,1283.8354364331556,1230.0518116849853,16171008.0,16146432.0,16121856.0,0.0,0.0,0.0,3,3,2,195.17939601332213,194.9795413594797,193.96264147517718,30203904.0,30187520.0,30113792.0,shm_copy,True
2588.230599789598,2565.9204154123954,2519.145778913913,0.0,0.0,0.0,6410.0,6386.0,6237.0,2536270655.0,2519937906.0,2510007248.0,0.0,0.0,0.0,0.0,0.0,0.0,main,5963712.0,5952758.5,1359234.5,9131683.700000001,9100887.500000002,7588906.500000002,11212102.309999999,10376898.479999999,10197573.2,1048576,1294.115299894799,1282.9602077061977,1259.5728894569565,6471.0,6415.0,6298.0,12942.0,12830.0,12596.0,block_with_timeout,throughput,6471.0,6415.0,6298.0,46.29872329286419,45.50291675150183,44.900289442284944,1294.115299894799,1282.9602077061977,1259.5728894569565,16166912.0,16162816.0,16146432.0,0.0,0.0,0.0,3,3,2,195.5827123529465,194.56792091656808,193.7761220576342,30208000.0,30199808.0,30134272.0,shm_loan,True
2179.7432519658887,2090.0427594413427,1890.70349395598,0.0,0.0,0.0,0.0,0.0,0.0,0.0,0.0,0.0,0.0,0.0,0.0,0.0,0.0,0.0,main,545884.0,497818.5,464440.5,1197968.5000000002,1053699.0,977814.7999999999,1555224.8400000003,1398006.2900000003,1028146.58,1048576,1089.8716259829444,1045.0213797206713,945.35174697799,5450.0,5226.0,4727.0,10900.0,10452.0,9454.0,block_with_timeout,throughput,5450.0,5226.0,4727.0,67.45641283286561,64.26212186458909,64.06094493117807,1089.8716259829444,1045.0213797206713,945.35174697799,5443584.0,5419008.0,5365760.0,0.0,0.0,0.0,3,3,2,182.61129509488765,178.4171954873995,175.81835664912114,10727424.0,10723328.0,10670080.0,uds,True
199.99704800357205,199.9969463266253,199.9961926724801,0.0,0.0,0.0,0.0,0.0,0.0,0.0,0.0,0.0,0.0,0.0,0.0,0.0,0.0,0.0,main,2121914.0,2084628.5,2077081.5,3684807.9000000004,3384672.0000000005,3064412.4000000013,18975357.19,13028121.859999992,12132989.6,1048576,49.99926200089301,49.99923658165633,49.99904816812003,250.0,250.0,250.0,1000.0,1000.0,1000.0,block_with_timeout,latency,250.0,250.0,250.0,11.175792005171973,11.175576546322478,10.776408689129488,49.99926200089301,49.99923658165633,49.99904816812003,32763904.0,32731136.0,32702464.0,0.0,0.0,0.0,3,3,4,177.21271380597074,174.8213177951901,174.817296512545,133193728.0,133111808.0,132980736.0,ros2,True
199.9956746935434,199.99415433086423,199.98935296682674,0.0,0.0,0.0,0.0,0.0,0.0,0.0,0.0,0.0,0.0,0.0,0.0,0.0,0.0,0.0,main,475067.0,471883.5,452140.5,605164.0,566234.9,539347.7000000001,884472.7599999995,881119.9,823362.96,1048576,49.99891867338585,49.99853858271606,49.997338241706686,250.0,250.0,250.0,1000.0,1000.0,1000.0,block_with_timeout,latency,250.0,250.0,250.0,3.3993318722008614,3.3924450675707223,2.993375782718807,49.99891867338585,49.99853858271606,49.997338241706686,6770688.0,6758400.0,6746112.0,0.0,0.0,0.0,3,3,4,18.996266344651872,18.957781259954032,18.758488238371193,22757376.0,22708224.0,22671360.0,shm_copy,True
199.99702944412167,199.99646298255357,199.99433936021876,0.0,0.0,0.0,0.0,0.0,0.0,0.0,0.0,0.0,0.0,0.0,0.0,0.0,0.0,0.0,main,330385.5,320108.0,318847.0,417910.9,390366.30000000005,370136.4,677944.33,584756.4599999998,546245.37,1048576,49.999257361030416,49.99911574563839,49.99858484005469,250.0,250.0,250.0,1000.0,1000.0,1000.0,block_with_timeout,latency,250.0,250.0,250.0,2.7939805555377712,2.793920709604251,2.5943509181431343,49.999257361030416,49.99911574563839,49.99858484005469,6778880.0,6778880.0,6770688.0,0.0,0.0,0.0,3,3,4,19.757010732201483,19.15872380940186,18.16045642700194,22810624.0,22761472.0,22732800.0,shm_loan,True
199.9949544872892,199.99152047952657,199.98859701017795,0.0,0.0,0.0,0.0,0.0,0.0,0.0,0.0,0.0,0.0,0.0,0.0,0.0,0.0,0.0,main,1477210.5,1395614.5,1347903.0,2545764.1,2492237.3,2376474.7,2884810.75,2857116.4899999998,2768433.0599999996,1048576,49.9987386218223,49.99788011988164,49.99714925254449,250.0,250.0,250.0,1000.0,1000.0,1000.0,block_with_timeout,latency,250.0,250.0,250.0,7.3835572256283015,7.182593123456014,6.7851598105817255,49.9987386218223,49.99788011988164,49.99714925254449,5431296.0,5406720.0,5398528.0,0.0,0.0,0.0,3,3,4,19.951647565155596,18.758971241020063,18.758226465109736,21397504.0,21381120.0,21319680.0,uds,True
1517.6699912284735,1491.9379344867625,1427.3128086769907,0.0,0.0,0.0,0.0,0.0,0.0,0.0,0.0,0.0,474.0,371.0,308.0,0.062270099842354175,0.04660804020100503,0.03964984552008239,main,12968889.0,5754373.5,5678080.5,18402515.4,13177927.2,13063097.1,20970721.74,15327271.11,13624921.02,1048576,379.41749780711837,372.98448362169063,356.8282021692477,1990.0,1942.0,1903.0,7589.0,7460.0,7138.0,block_with_timeout,throughput,1990.0,1942.0,1903.0,108.95363291194829,108.7453712996187,108.56091321776773,397.96590888716065,388.3838429991009,380.5234344231316,40108032.0,40079360.0,40075264.0,0.0,0.0,0.0,3,3,4,383.93184930877015,380.9080987357286,378.3667122442787,162705408.0,162562048.0,162250752.0,ros2,True
3960.6748933700082,3919.942760261575,3350.04611949473,0.0,0.0,0.0,4711.0,4557.0,3835.0,2259887978.0,2234304335.0,2153328158.0,0.0,0.0,0.0,0.0,0.0,0.0,main,3740719.0,3374311.5,1383731.5,11636347.000000004,9913526.9,8228256.500000001,17317379.379999995,10595446.19,10219248.469999997,1048576,990.1687233425021,979.9856900653938,837.5115298736825,4951.0,4901.0,4189.0,19804.0,19604.0,16756.0,block_with_timeout,throughput,4951.0,4901.0,4189.0,53.08081411291516,51.689012184945824,51.68843860994795,990.1687233425021,979.9856900653938,837.5115298736825,16146432.0,16146432.0,16105472.0,0.0,0.0,0.0,3,3,4,384.5365744195019,379.1858036733478,377.98418041405955,60362752.0,60325888.0,60231680.0,shm_copy,True
4059.6604459406412,4006.1496837493105,3826.8097197492834,0.0,0.0,0.0,5138.0,5132.0,4759.0,2643684122.0,2630935051.0,2591420287.0,0.0,0.0,0.0,0.0,0.0,0.0,main,3874337.5,1840981.0,814559.0,8007054.399999999,7944142.300000002,7384000.2,10260964.76,9236906.53,8245000.89,1048576,1014.9151114851603,1001.5374209373276,956.7024299373209,5075.0,5008.0,4784.0,20300.0,20032.0,19136.0,block_with_timeout,throughput,5075.0,5008.0,4784.0,44.902006391186255,43.7027087238856,43.30377366259716,1014.9151114851603,1001.5374209373276,956.7024299373209,16179200.0,16175104.0,16171008.0,0.0,0.0,0.0,3,3,4,379.3554761831348,378.75835212723234,376.5781602674154,60334080.0,60325888.0,60276736.0,shm_loan,True
2743.75018044857,2706.4767974632914,2654.585480450623,0.0,0.0,0.0,0.0,0.0,0.0,0.0,0.0,0.0,0.0,0.0,0.0,0.0,0.0,0.0,main,761598.0,737677.5,628466.0,1250427.0,1094688.0,1019118.0,1493676.8499999999,1330592.5,1067743.85,1048576,685.9375451121425,676.6191993658229,663.6463701126557,3430.0,3384.0,3319.0,13720.0,13536.0,13276.0,block_with_timeout,throughput,3430.0,3384.0,3319.0,72.83814282292236,72.03782330866561,71.63724650860505,685.9375451121425,676.6191993658229,663.6463701126557,5451776.0,5427200.0,5419008.0,0.0,0.0,0.0,3,3,4,297.13971140638745,295.9276784742654,290.74545307680273,21393408.0,21381120.0,21336064.0,uds,True
39.9994726629522,39.99919249630189,39.99887879942815,0.0,0.0,0.0,0.0,0.0,0.0,0.0,0.0,0.0,0.0,0.0,0.0,0.0,0.0,0.0,main,11968584.0,11945891.5,11929000.5,12660991.2,12461640.0,12335850.4,22740124.69,22462129.169999998,17806002.63999998,4194304,9.99986816573805,9.999798124075472,9.999719699857037,50.0,50.0,50.0,50.0,50.0,50.0,block_with_timeout,latency,50.0,50.0,50.0,3.5923045601457475,2.9936807160158088,2.99358124571403,39.9994726629522,39.99919249630189,39.99887879942815,37085184.0,37023744.0,36958208.0,0.0,0.0,0.0,3,3,1,37.51962540596669,35.525011163387596,35.12468661637796,37380096.0,37322752.0,37285888.0,ros2,True
39.99850804765012,39.99612833478106,39.99540434406201,0.0,0.0,0.0,0.0,0.0,0.0,0.0,0.0,0.0,0.0,0.0,0.0,0.0,0.0,0.0,main,632044.5,626870.5,604443.5,886204.7000000001,875357.1000000001,757616.6000000001,1410069.959999999,1104840.3399999999,834710.73,4194304,9.99962701191253,9.999032083695266,9.998851086015502,50.0,50.0,50.0,50.0,50.0,50.0,block_with_timeout,latency,50.0,50.0,50.0,1.7961288828079953,1.596525998703183,1.5965169715180936,39.99850804765012,39.99612833478106,39.99540434406201,13041664.0,13012992.0,12984320.0,0.0,0.0,0.0,3,3,1,2.594408386278216,2.5943547478926727,2.5943400787169018,8847360.0,8843264.0,8794112.0,shm_copy,True
39.998979514035454,39.99860057696134,39.99851101542894,0.0,0.0,0.0,0.0,0.0,0.0,0.0,0.0,0.0,0.0,0.0,0.0,0.0,0.0,0.0,main,274460.0,274120.0,250082.5,337796.8,336642.9,284953.10000000003,399388.02999999985,381815.4299999999,333783.99999999994,4194304,9.999744878508864,9.999650144240334,9.999627753857235,50.0,50.0,50.0,50.0,50.0,50.0,block_with_timeout,latency,50.0,50.0,50.0,1.3969667367910699,1.1996643531065199,1.1974022549674537,39.998979514035454,39.99860057696134,39.99851101542894,13017088.0,13017088.0,13012992.0,0.0,0.0,0.0,3,3,1,2.5992727650641267,2.594366796897701,2.3948045099349073,8839168.0,8810496.0,8806400.0,shm_loan,True
39.99915753774394,39.99910010024595,39.99894456384937,0.0,0.0,0.0,0.0,0.0,0.0,0.0,0.0,0.0,0.0,0.0,0.0,0.0,0.0,0.0,main,2148809.0,2053415.0,1489550.5,2897441.0,2778910.8000000003,1813181.9000000001,10308064.299999971,3186356.87,2283609.3099999996,4194304,9.999789384435985,9.999775025061487,9.999736140962343,50.0,50.0,50.0,50.0,50.0,50.0,block_with_timeout,latency,50.0,50.0,50.0,2.7939392026824157,2.5943275199976226,2.1952401705013593,39.99915753774394,39.99910010024595,39.99894456384937,8589312.0,8564736.0,8556544.0,0.0,0.0,0.0,3,3,1,4.989177147647171,4.190836763073082,3.5922111880931333,8511488.0,8507392.0,8499200.0,uds,True
948.980037415029,947.032956455536,936.3349080316231,0.0,0.0,0.0,0.0,0.0,0.0,0.0,0.0,0.0,273.0,229.0,227.0,0.18698630136986302,0.16357142857142856,0.16087880935506732,main,27408953.0,21218432.5,19699662.5,29235140.2,27486599.3,24386210.1,29646032.32,28896936.83,25440683.310000002,4194304,237.24500935375724,236.758239113884,234.08372700790576,1460.0,1411.0,1400.0,1187.0,1184.0,1171.0,block_with_timeout,throughput,1460.0,1411.0,1400.0,112.1611265456578,111.55920294123966,111.15938779054737,1167.2374512434224,1128.6009303705755,1119.4439549481403,70668288.0,70651904.0,70586368.0,0.0,0.0,0.0,3,3,1,123.9360490833692,123.5333571030901,122.3351969759525,70979584.0,70950912.0,70901760.0,ros2,True
1527.426579928555,1500.0317749268145,1421.7100301895907,0.0,0.0,0.0,1887.0,1847.0,1750.0,1880755628.0,1835377896.0,1822874416.0,0.0,0.0,0.0,0.0,0.0,0.0,main,13807696.5,10985580.5,10772679.0,20866526.5,19313872.900000002,18836043.0,22454763.25,21187738.69,20650299.9,4194304,381.85664498213873,375.0079437317036,355.4275075473977,1910.0,1876.0,1778.0,1910.0,1876.0,1778.0,block_with_timeout,throughput,1910.0,1876.0,1778.0,61.4643371934822,60.270935926284096,59.2713046784893,1527.426579928555,1500.0317749268145,1421.7100301895907,50765824.0,50765824.0,50728960.0,0.0,0.0,0.0,3,3,1,100.97712538929218,99.78631775874851,99.5837745271588,46559232.0,46555136.0,46530560.0,shm_copy,True
1569.362118287217,1524.6310083744008,1454.9163841287602,0.0,0.0,0.0,1959.0,1888.0,1814.0,2631724353.0,2557168214.0,2506586608.0,0.0,0.0,0.0,0.0,0.0,0.0,main,22840441.5,21146878.0,11071013.0,26712040.3,23255806.8,18746781.0,27583150.03,23730315.78,20473828.8,4194304,392.34052957180427,381.1577520936002,363.72909603219006,1962.0,1906.0,1819.0,1962.0,1906.0,1819.0,block_with_timeout,throughput,1962.0,1906.0,1819.0,46.50143502825977,45.902924999068695,44.304792810482226,1569.362118287217,1524.6310083744008,1454.9163841287602,50720768.0,50708480.0,50692096.0,0.0,0.0,0.0,3,3,1,101.18601293272968,100.98594903132808,99.58599825419203,46567424.0,46567424.0,46563328.0,shm_loan,True
1114.047887563179,1113.0086642843107,966.8967440522302,0.0,0.0,0.0,0.0,0.0,0.0,0.0,0.0,0.0,0.0,0.0,0.0,0.0,0.0,0.0,main,2163970.0,2079454.5,1817969.5,3131973.2,3004542.9000000004,2081439.5,3349773.92,3212687.79,2140720.25,4194304,278.51197189079477,278.2521660710777,241.72418601305756,1393.0,1392.0,1209.0,1393.0,1392.0,1209.0,block_with_timeout,throughput,1393.0,1392.0,1209.0,53.085454202817296,52.48673783963787,51.88667818738676,1114.047887563179,1113.0086642843107,966.8967440522302,8589312.0,8585216.0,8556544.0,0.0,0.0,0.0,3,3,1,95.59371644557619,94.5958845569,94.19427732479441,8499200.0,8470528.0,8470528.0,uds,True
79.99842596697036,79.99711800782723,79.99596133989499,0.0,0.0,0.0,0.0,0.0,0.0,0.0,0.0,0.0,0.0,0.0,0.0,0.0,0.0,0.0,main,12239138.5,12234518.5,11853522.5,12750001.0,12717054.8,12717005.5,46325650.03,22934467.93,12875625.900000004,4194304,9.999803245871295,9.999639750978403,9.999495167486874,50.0,50.0,50.0,100.0,100.0,100.0,block_with_timeout,latency,50.0,50.0,50.0,4.1909769682359626,4.190949226888726,3.9992331550424525,39.99921298348518,39.99855900391361,39.997980669947495,37421056.0,37367808.0,37330944.0,0.0,0.0,0.0,3,3,2,75.23751707319283,74.24016343732278,74.18577502603749,75653120.0,75538432.0,75403264.0,ros2,True
79.99762288663545,79.99624809596806,79.99054871671638,0.0,0.0,0.0,0.0,0.0,0.0,0.0,0.0,0.0,0.0,0.0,0.0,0.0,0.0,0.0,main,661621.5,659911.0,653326.5,913418.4000000003,849511.4,845253.3000000002,1412969.7900000003,1326506.01,1110963.81,4194304,9.999702860829432,9.999531011996007,9.998818589589547,50.0,50.0,50.0,100.0,100.0,100.0,block_with_timeout,latency,50.0,50.0,50.0,1.7961268622078628,1.7960858995593547,1.7960768598484271,39.99881144331773,39.99812404798403,39.99527435835819,13058048.0,13012992.0,12992512.0,0.0,0.0,0.0,3,3,2,5.787519889336447,5.388257698678064,5.388230579545281,17694720.0,17686528.0,17608704.0,shm_copy,True
79.99776470245868,79.9956574837309,79.99511068283604,0.0,0.0,0.0,0.0,0.0,0.0,0.0,0.0,0.0,0.0,0.0,0.0,0.0,0.0,0.0,main,303230.5,288220.0,277596.5,394046.2,327181.5,311290.1,537326.7100000001,400916.08000000013,321531.8900000001,4194304,9.999720587807335,9.999457185466362,9.999388835354505,50.0,50.0,50.0,100.0,100.0,100.0,block_with_timeout,latency,50.0,50.0,50.0,1.5964954307004058,1.3969354187241874,1.1974598174729,39.99888235122934,39.99782874186545,39.99755534141802,13058048.0,13049856.0,13037568.0,0.0,0.0,0.0,3,3,2,5.58773400745142,5.188992542382567,5.188617269546982,17694720.0,17657856.0,17620992.0,shm_loan,True
79.9966482684322,79.9964386065511,79.99508127844136,0.0,0.0,0.0,0.0,0.0,0.0,0.0,0.0,0.0,0.0,0.0,0.0,0.0,0.0,0.0,main,2812011.5,2500334.5,2352051.5,4444472.1,4146956.000000001,4120974.8000000003,5171129.290000003,4681851.21,4651368.180000003,4194304,9.999581033554025,9.999554825818887,9.99938515980517,50.0,50.0,50.0,100.0,100.0,100.0,block_with_timeout,latency,50.0,50.0,50.0,3.3926110390389277,3.1930004398188085,2.993502010576375,39.9983241342161,39.99821930327555,39.99754063922068,8589312.0,8577024.0,8568832.0,0.0,0.0,0.0,3,3,2,7.583538426793483,7.5834834990281905,7.383813517080994,16949248.0,16949248.0,16941056.0,uds,True
1301.7921625170259,1257.4106313414595,1060.5569890621998,0.0,0.0,0.0,0.0,0.0,0.0,0.0,0.0,0.0,26.0,19.0,16.0,0.019230769230769232,0.01193467336683417,0.009732360097323601,main,13455293.5,8821493.5,4676804.5,13896273.9,13372472.3,5327183.3,14396442.53,13995494.49,5473518.53,4194304,162.72402031462823,157.17632891768244,132.56962363277498,822.0,796.0,676.0,1628.0,1573.0,1326.0,block_with_timeout,throughput,822.0,796.0,676.0,116.54430422065067,112.3577901769894,112.15804752331657,657.2930943421346,636.2993404626839,540.6761120709255,70983680.0,70959104.0,70959104.0,0.0,0.0,0.0,3,3,2,228.29911648702807,221.12298337337148,218.72848673886392,142921728.0,142807040.0,142749696.0,ros2,True
2709.440786432366,2675.1841725403615,2568.5918210319064,0.0,0.0,0.0,1692.0,1663.0,1584.0,2085000307.0,2079413207.0,2052721101.0,0.0,0.0,0.0,0.0,0.0,0.0,main,5926131.0,5102011.0,1018146.5,18870935.0,18844567.700000003,18620387.800000004,25262761.479999993,22798562.9,22434101.869999997,4194304,338.68009830404577,334.3980215675452,321.0739776289883,1694.0,1672.0,1606.0,3388.0,3344.0,3212.0,block_with_timeout,throughput,1694.0,1672.0,1606.0,57.673295656535664,56.27880409066027,56.07766922266932,1354.720393216183,1337.5920862701807,1284.2959105159532,50778112.0,50741248.0,50741248.0,0.0,0.0,0.0,3,3,2,203.95193135287002,197.9736654536702,197.56901256385277,93122560.0,93106176.0,93089792.0,shm_copy,True
2856.8585777772046,2774.106452377529,2771.3435697168507,0.0,0.0,0.0,1844.0,1789.0,1751.0,2746414229.0,2709677619.0,2690436948.0,0.0,0.0,0.0,0.0,0.0,0.0,main,21038319.5,18264362.5,11743826.5,26157802.8,24139285.200000003,21885829.0,27474961.319999997,26390913.78,22229984.5,4194304,357.1073222221506,346.7633065471911,346.41794621460633,1786.0,1734.0,1733.0,3572.0,3468.0,3466.0,block_with_timeout,throughput,1786.0,1734.0,1733.0,43.30493629372915,43.107153132284544,43.105867157328106,1428.4292888886023,1387.0532261887645,1385.6717848584253,50769920.0,50737152.0,50716672.0,0.0,0.0,0.0,3,3,2,199.96104224109035,199.36463560264247,198.57230262325518,93093888.0,93089792.0,93032448.0,shm_loan,True
2033.5804410233181,1948.5792228563237,1894.6975542071377,0.0,0.0,0.0,0.0,0.0,0.0,0.0,0.0,0.0,0.0,0.0,0.0,0.0,0.0,0.0,main,2051688.0,1873532.0,1517469.0,2735840.3000000003,2596354.6,2199983.5,2855941.4299999997,2777953.36,2346081.8499999996,4194304,254.19755512791477,243.57240285704046,236.83719427589222,1271.0,1218.0,1185.0,2542.0,2436.0,2370.0,block_with_timeout,throughput,1271.0,1218.0,1185.0,72.44409445532267,70.84343736359222,69.2517967507143,1016.7902205116591,974.2896114281618,947.3487771035689,8568832.0,8556544.0,8548352.0,0.0,0.0,0.0,3,3,2,186.8002356157596,185.60057257148787,181.79822940347185,17006592.0,16982016.0,16941056.0,uds,True
159.9973205568721,159.99715653053414,159.997050966356,0.0,0.0,0.0,0.0,0.0,0.0,0.0,0.0,0.0,0.0,0.0,0.0,0.0,0.0,0.0,main,9071606.0,8962831.0,8910209.5,15928239.6,15120041.2,14045151.1,29710196.959999964,24978067.5,15783007.159999998,4194304,9.999832534804506,9.999822283158384,9.99981568539725,50.0,50.0,50.0,200.0,200.0,200.0,block_with_timeout,latency,50.0,50.0,50.0,9.978191373565364,8.780125042040531,8.581171427048194,39.999330139218024,39.999289132633535,39.999262741589,37998592.0,37957632.0,37941248.0,0.0,0.0,0.0,3,3,4,174.81791286486518,169.81560024492026,168.82955877401795,154140672.0,154013696.0,153882624.0,ros2,True
159.99646804596858,159.99617625138376,159.99234654211386,0.0,0.0,0.0,0.0,0.0,0.0,0.0,0.0,0.0,0.0,0.0,0.0,0.0,0.0,0.0,main,685876.0,673306.0,666529.0,1017819.2999999999,899195.0,822313.4999999998,1234835.9899999998,1232690.7699999998,1146257.5499999998,4194304,9.999779252873036,9.999761015711485,9.999521658882117,50.0,50.0,50.0,200.0,200.0,200.0,block_with_timeout,latency,50.0,50.0,50.0,1.9956826857638734,1.7961054424265666,1.7958158732858875,39.999117011492146,39.99904406284594,39.998086635528466,13070336.0,13049856.0,13017088.0,0.0,0.0,0.0,3,3,4,14.568410810793262,14.368915337499889,13.368851501128274,35356672.0,35344384.0,35299328.0,shm_copy,True
159.99595824610117,159.9950050839373,159.99234260649052,0.0,0.0,0.0,0.0,0.0,0.0,0.0,0.0,0.0,0.0,0.0,0.0,0.0,0.0,0.0,main,334302.0,320874.5,311699.0,393246.7,364649.4,356835.4,503853.8699999998,449110.3999999999,398493.6499999999,4194304,9.999747390381323,9.99968781774608,9.999521412905658,50.0,50.0,50.0,200.0,200.0,200.0,block_with_timeout,latency,50.0,50.0,50.0,1.396951928003275,1.3969277435216094,1.3969271784475725,39.99898956152529,39.99875127098432,39.99808565162263,13074432.0,13037568.0,13000704.0,0.0,0.0,0.0,3,3,4,14.767777524606048,14.168832809968237,12.971471904129228,35393536.0,35336192.0,35266560.0,shm_loan,True
159.99676044959313,159.9963405317001,159.98048273306364,0.0,0.0,0.0,0.0,0.0,0.0,0.0,0.0,0.0,0.0,0.0,0.0,0.0,0.0,0.0,main,4607892.5,4470908.5,4317002.0,7530811.5,7124031.0,6716807.3,9113313.149999999,8440795.179999998,8306168.499999998,4194304,9.99979752809957,9.999771283231256,9.998780170816477,50.0,50.0,50.0,200.0,200.0,200.0,block_with_timeout,latency,50.0,50.0,50.0,5.388221024474095,5.188406677540176,4.78952503096144,39.99919011239828,39.999085132925025,39.99512068326591,8597504.0,8589312.0,8560640.0,0.0,0.0,0.0,3,3,4,16.5629905475321,15.765535590127904,15.565956350624681,34009088.0,33984512.0,33955840.0,uds,True
1310.267843764742,1256.6399705352374,1244.9338901589683,0.0,0.0,0.0,0.0,0.0,0.0,0.0,0.0,0.0,10.0,8.0,2.0,0.006377551020408163,0.005050505050505051,0.0012195121951219512,main,40013442.5,30850965.5,8301061.0,51714840.2,31537059.1,12112887.9,55653923.12,31615251.91,13541230.29,4194304,81.89174023529638,78.53999815845233,77.80836813493552,410.0,396.0,392.0,1638.0,1576.0,1558.0,block_with_timeout,throughput,410.0,396.0,392.0,111.53259478205928,109.87973168918062,109.30422007390167,327.9669206004544,315.75471340860025,313.23111998864925,71569408.0,71565312.0,71553024.0,0.0,0.0,0.0,3,3,4,375.3001981843533,374.7897757252779,371.2368783600879,288595968.0,288448512.0,288206848.0,ros2,True
4182.455282138609,4146.619498979184,3905.4334880759798,0.0,0.0,0.0,1337.0,1331.0,1238.0,2315190127.0,2273500436.0,2246203830.0,0.0,0.0,0.0,0.0,0.0,0.0,main,19243479.0,14684484.0,6956436.0,34362094.2,30250480.5,23307138.099999998,35029550.22,33676700.85,29476329.309999995,4194304,261.40345513366304,259.163718686199,244.08959300474874,1308.0,1296.0,1221.0,5232.0,5184.0,4884.0,block_with_timeout,throughput,1308.0,1296.0,1221.0,53.68004411492655,52.88520105755489,52.269584146736136,1045.6138205346522,1036.654874744796,976.3583720189949,50753536.0,50749440.0,50745344.0,0.0,0.0,0.0,3,3,4,396.31437774068456,389.0293476570056,387.95785228636487,186208256.0,186204160.0,186101760.0,shm_copy,True
4238.339881261237,4224.731250410597,4202.929566892502,0.0,0.0,0.0,1373.0,1362.0,1321.0,2854735685.0,2845156500.0,2838725463.0,0.0,0.0,0.0,0.0,0.0,0.0,main,7920953.5,4175836.5,4135247.5,28168581.0,26190779.0,15542300.199999996,33287470.699999996,29594270.019999992,28433924.4,4194304,264.8962425788273,264.0457031506623,262.6830979307814,1325.0,1321.0,1314.0,5300.0,5284.0,5256.0,block_with_timeout,throughput,1325.0,1321.0,1314.0,41.90680789195842,41.508421720789094,41.308694821870425,1059.5849703153092,1056.1828126026492,1050.7323917231256,50778112.0,50765824.0,50753536.0,0.0,0.0,0.0,3,3,4,396.71778137720634,388.94031984456745,387.3454161540944,186208256.0,186204160.0,186159104.0,shm_loan,True
2600.4257079376916,2562.6202138394315,2546.138216570113,0.0,0.0,0.0,0.0,0.0,0.0,0.0,0.0,0.0,0.0,0.0,0.0,0.0,0.0,0.0,main,2585306.5,2402001.5,2344144.0,4153882.1000000006,3687114.5,3605144.3000000003,4671043.609999999,3934975.8499999996,3861552.2299999995,4194304,162.52660674610573,160.16376336496447,159.13363853563206,814.0,801.0,796.0,3256.0,3204.0,3184.0,block_with_timeout,throughput,814.0,801.0,796.0,79.42405882430067,79.42059806591044,77.86847675104373,650.1064269844229,640.6550534598579,636.5345541425282,8572928.0,8544256.0,8540160.0,0.0,0.0,0.0,3,3,4,289.7581241529763,285.7545136441803,283.7917630952361,34013184.0,33976320.0,33861632.0,uds,True
