transport,profile,message_size_bytes,subscriber_count,latency_p50_ns_before,latency_p50_ns_after,latency_p50_ns_change_percent,latency_p99_ns_before,latency_p99_ns_after,latency_p99_ns_change_percent,messages_per_second_before,messages_per_second_after,messages_per_second_change_percent,publisher_cpu_percent_before,publisher_cpu_percent_after,publisher_cpu_percent_change_percent,subscriber_cpu_total_percent_before,subscriber_cpu_total_percent_after,subscriber_cpu_total_percent_change_percent,blocked_count_before,blocked_count_after,blocked_count_change_percent,blocked_time_ns_before,blocked_time_ns_after,blocked_time_ns_change_percent
shm_copy,latency,64,1,221047.0,167643.0,-24.159567874705377,442578.8600000006,450612.0000000001,1.8150753969585098,999.9820653216584,999.9774771072921,-0.00045882966559496197,9.579257516423713,8.382120986224354,-12.497174526802922,3.392770257650052,4.19108459409938,23.529867212472787,0.0,0.0,,0.0,0.0,
shm_loan,latency,64,1,208167.5,160794.0,-22.757394886329518,387551.2900000001,428530.1500000002,10.573790116915905,999.9825563042879,999.9803705853215,-0.0002185757094097518,9.380398391203597,8.182722564263708,-12.767856726245242,3.392910056392791,3.991409398919113,17.639705520594397,0.0,0.0,,0.0,0.0,
shm_copy,throughput,64,1,97408.5,45834.0,-52.94661143534702,238314.43999999977,167728.59999999986,-29.61878432544833,10479.83027914863,129777.54084739689,1138.3553682697607,58.276367455689396,69.85014435248992,19.860154985810794,19.95741527441349,88.60989740715866,343.9948569931371,0.0,159772.0,,0.0,1691105827.0,
shm_loan,throughput,64,1,93462.0,22975.0,-75.41781686674798,230763.83000000002,149901.64999999988,-35.041098078498756,10174.595392956486,151499.41417081858,1388.996941103882,59.67333438469262,87.41355936045979,46.48680229084545,19.558633084224873,88.0132253741319,349.9968121244602,1.0,13221.0,1322000.0,1841113.0,334280020.0,18056.4097369363
shm_copy,latency,65536,1,258771.5,255074.0,-1.4288667801516053,516478.87999999983,515725.5499999985,-0.14585882001628692,499.98615988310826,499.9906516747856,0.0008983832029407779,6.9847544532827905,6.984832412665276,0.0011161363367540034,3.991501207020931,4.191064541424367,4.999706227131018,0.0,0.0,,0.0,0.0,
shm_loan,latency,65536,1,244030.0,249503.5,2.2429619309101367,484989.6399999992,472709.5099999999,-2.5320396534654455,499.9884359674599,499.9866729552297,-0.0003526106012397001,6.785643200757742,6.785466381921837,-0.0026057785632693786,4.191132565173899,4.191148810904196,0.0003876214852205351,0.0,0.0,,0.0,0.0,
shm_copy,throughput,65536,1,102531.5,459254.0,347.9150309904761,337789.8000000003,1087985.749999994,222.08958056163715,8223.37296648371,17408.400517138474,111.69416233570462,64.06193424458823,55.68140078788678,-13.081923853102229,47.298063601144584,99.18746330555808,109.70723905736767,46.0,51304.0,111430.4347826087,5855726.0,2153401777.0,36674.29198360716
shm_loan,throughput,65536,1,99161.0,456054.0,359.91266727846636,195815.03999999998,831007.3500000014,324.3838215900073,8470.662609240742,17139.59001104694,102.34060547222326,64.06463525669179,53.48680795427825,-16.511180091841148,51.88933135769218,99.18871284603037,91.15434762935412,279.0,52693.0,18786.37992831541,37483367.0,2282399271.0,5989.0988555003605
shm_copy,latency,65536,4,297067.0,310384.5,4.482995418541935,617917.1800000003,606889.2000000002,-1.7847019563366207,499.9868009484391,499.98870215528837,0.0003802514077611008,10.975805783263429,10.975921508540289,0.0010543670245777292,19.55703397085239,19.357534296880146,-1.020091667630052,0.0,0.0,,0.0,0.0,
shm_loan,latency,65536,4,277851.5,281635.0,1.3616986051901758,548459.76,571953.0100000001,4.283495657001368,499.9901405944196,499.9848897566527,-0.001050188261841889,11.174944953182415,11.375269422629808,1.7926215322460637,19.15702410912634,19.15834850127126,0.006913350097459414,0.0,0.0,,0.0,0.0,
shm_copy,throughput,65536,4,166520.5,183600.5,10.256995384952594,303052.59,820520.9500000001,170.75200050261904,4996.987993789785,11634.873858196932,132.83773890705075,77.43131492028758,75.43369641382127,-2.579858689630643,144.4820880575941,333.25771888688627,130.6567709306925,5.0,21546.0,430820.0,4666705.0,1117514213.0,23846.536432022167
shm_loan,throughput,65536,4,150321.0,143643.5,-4.442160443317967,245360.19,874395.4999999998,256.37219713597375,4855.922617959529,10775.713822306278,121.9086808025425,77.62478820026818,82.01711228864798,5.658403958601221,141.29703866113474,316.08402555699496,123.70180475971804,5.0,14501.0,289920.0,8618962.0,745845653.0,8553.543814208717
shm_copy,latency,1048576,1,406655.0,414577.0,1.9480886746750858,829173.4499999997,731967.3999999999,-11.723246806805,49.99777855870041,49.99861592831415,0.0016748136374866718,2.7939640909728753,2.7938426992514547,-0.004344784595222695,3.392670681895634,3.1929630848588046,-5.886442150207283,0.0,0.0,,0.0,0.0,
shm_loan,latency,1048576,1,284019.5,278973.0,-1.776814620122913,530105.0299999997,481921.6699999999,-9.089398755563549,49.9988912945851,49.99913669490617,0.0004908115254442791,2.195317317474049,2.19520152523282,-0.005274510445818503,3.392748566526608,3.193109542306366,-5.884285861614158,0.0,0.0,,0.0,0.0,
shm_copy,throughput,1048576,1,5357662.5,5744273.0,7.216029378483624,6711770.08,8629047.25,28.565894646975142,1458.3597416876587,1461.7036927287973,0.22929534774929206,61.46672704336803,58.472599899434755,-4.871134820340705,99.18827524690963,99.57354256080995,0.3884202169472939,6919.0,7070.0,2.1823963000433544,1342013502.0,1798270343.0,33.99793223540905
shm_loan,throughput,1048576,1,5420369.0,5218650.0,-3.7214994034538984,6817018.88,6775499.49,-0.6090549363419018,1470.131927599277,1467.587787614984,-0.17305521610210262,49.89311790517421,47.69599849370169,-4.403652254501955,99.58680313773031,99.78242362699098,0.19643214070252935,7215.0,7278.0,0.8731808731808677,1885933049.0,2337135919.0,23.92464940572765
shm_copy,latency,4194304,1,632419.0,608817.5,-3.7319403749729196,1177340.999999999,1053038.46,-10.557904634256277,9.999516335394276,9.999511065906823,-5.26974233139299e-05,1.7961031620060162,1.7961069016527684,0.0002082089064492365,2.5943712340086904,2.3948092022036915,-7.692115499470975,0.0,0.0,,0.0,0.0,
shm_loan,latency,4194304,1,277099.5,273711.5,-1.2226655046292056,419158.6299999998,365139.5,-12.887514686265622,9.999439579408884,9.99977441508897,0.0033485444601799585,1.1974139933712513,1.1974074765484741,-0.0005442414080070179,2.5943969856377116,2.594382865855027,-0.0005442414080292224,0.0,0.0,,0.0,0.0,
shm_copy,throughput,4194304,1,14407254.5,13079847.0,-9.213466035461515,20640113.85,21467646.09,4.009339512436849,381.22586464073663,384.5321975140862,0.8672897565503268,60.671958771833964,60.27009346688228,-0.6623575587248798,100.38276561210307,99.78492295841437,-0.5955630431610848,1853.0,1904.0,2.752293577981657,1813094322.0,1837086434.0,1.3232688288127514
shm_loan,throughput,4194304,1,13882672.0,10757310.5,-22.512679835697334,20713335.33,20584112.35,-0.6238636991157898,386.03026164468827,387.3774327078537,0.3489806880491164,45.90256090797081,46.10117404727022,0.4326842236484607,99.58859953511929,99.5865188293846,-0.002089301129237775,1918.0,1919.0,0.05213764337852478,2507254724.0,2503925806.0,-0.13277143196240848
shm_copy,latency,4194304,4,686235.5,687737.0,0.21880243735568072,1141452.22,1287165.4699999741,12.765602225555629,9.999730021289047,9.999573530188426,-0.0015649532566053281,1.995571550143917,1.799671170562507,-9.816755483775164,14.767229471064985,14.368077792128917,-2.7029557556356054,0.0,0.0,,0.0,0.0,
shm_loan,latency,4194304,4,320081.0,322038.0,0.6114077374164584,416017.5199999997,495497.5799999999,19.104979040305857,9.999661165481273,9.99949837116441,-0.001627998330833158,1.1973566878365602,1.3968907162710245,16.664543695412238,14.96759901571949,14.766414578571013,-1.344132996462466,0.0,0.0,,0.0,0.0,
shm_copy,throughput,4194304,4,6881340.5,6330829.5,-8.00005464051663,33664036.47,37586812.04,11.652718988395282,264.3307980913274,265.48040994236663,0.43491407711109265,55.67537673782941,52.884701493032935,-5.012404779832069,391.95807452607124,390.14940158067697,-0.461445512401093,1282.0,1323.0,3.1981279251170003,2124213165.0,2280845816.0,7.373678573355424
shm_loan,throughput,4194304,4,7103040.5,15900186.0,123.85042011234484,28809550.529999997,34074153.62,18.273811958703966,267.7945099983094,268.65320418182085,0.32065414019011307,42.10942922053282,42.70771195715241,1.4207809217415601,391.75739127917507,390.548442163143,-0.30859637697825404,1377.0,1391.0,1.0167029774872827,2816904410.0,2815977882.0,-0.032891708952242915
