stage,run_id,transport,profile,message_size_bytes,subscriber_count,role,role_index,executable,messages_published,cpu_ticks,minor_faults,major_faults,voluntary_context_switches,voluntary_context_switches_per_publish,nonvoluntary_context_switches,wchan_sample_count,top_wchan
before,ros2_latency_4194304_1to1,ros2,latency,4194304,1,publisher,-1,mw_ros2_bench_publisher,50.0,16,0,0,56,1.12,2,50,hrtimer_nanosleep:48;running:2
before,ros2_latency_4194304_1to1,ros2,latency,4194304,1,subscriber,0,mw_ros2_bench_subscriber,50.0,175,0,0,52018,1040.36,1,50,running:27;futex_do_wait:23
before,ros2_latency_65536_1to1,ros2,latency,65536,1,publisher,-1,mw_ros2_bench_publisher,2500.0,43,16,0,2523,1.0092,4,50,hrtimer_nanosleep:45;running:5
before,ros2_latency_65536_1to1,ros2,latency,65536,1,subscriber,0,mw_ros2_bench_subscriber,2500.0,200,9,0,50377,20.1508,8,50,futex_do_wait:33;running:17
before,ros2_throughput_4194304_1to1,ros2,throughput,4194304,1,publisher,-1,mw_ros2_bench_publisher,1308.0,574,0,0,813,0.6215596330275229,9,50,running:48;futex_do_wait:2
before,ros2_throughput_4194304_1to1,ros2,throughput,4194304,1,subscriber,0,mw_ros2_bench_subscriber,1308.0,628,1,0,4606,3.521406727828746,12,50,running:48;futex_do_wait:2
before,ros2_throughput_65536_1to1,ros2,throughput,65536,1,publisher,-1,mw_ros2_bench_publisher,45147.0,567,2,0,578,0.012802622544133608,13,50,running:49;hrtimer_nanosleep:1
before,ros2_throughput_65536_1to1,ros2,throughput,65536,1,subscriber,0,mw_ros2_bench_subscriber,45147.0,593,1,0,28165,0.623850975701597,22,50,running:45;futex_do_wait:5
before,shm_copy_latency_1048576_1to1,shm_copy,latency,1048576,1,publisher,-1,mw_bench_publisher,250.0,15,0,0,504,2.016,0,50,hrtimer_nanosleep:50
before,shm_copy_latency_1048576_1to1,shm_copy,latency,1048576,1,registry,-1,mw_registryd,250.0,2,0,0,290,1.16,0,50,do_epoll_wait:50
before,shm_copy_latency_1048576_1to1,shm_copy,latency,1048576,1,subscriber,0,mw_bench_subscriber,250.0,18,0,0,252,1.008,0,50,poll_schedule_timeout.constprop.0:49;running:1
before,shm_copy_latency_4096_1to1,shm_copy,latency,4096,1,publisher,-1,mw_bench_publisher,5000.0,54,0,0,10003,2.0006,0,50,hrtimer_nanosleep:42;running:6;poll_schedule_timeout.constprop.0:2
before,shm_copy_latency_4096_1to1,shm_copy,latency,4096,1,registry,-1,mw_registryd,5000.0,30,0,0,5047,1.0094,3,50,do_epoll_wait:46;running:4
before,shm_copy_latency_4096_1to1,shm_copy,latency,4096,1,subscriber,0,mw_bench_subscriber,5000.0,26,19,0,5026,1.0052,0,50,poll_schedule_timeout.constprop.0:47;running:3
before,shm_copy_latency_4194304_1to1,shm_copy,latency,4194304,1,publisher,-1,mw_bench_publisher,50.0,9,0,0,102,2.04,0,50,hrtimer_nanosleep:50
before,shm_copy_latency_4194304_1to1,shm_copy,latency,4194304,1,registry,-1,mw_registryd,50.0,1,0,0,95,1.9,0,50,do_epoll_wait:50
before,shm_copy_latency_4194304_1to1,shm_copy,latency,4194304,1,subscriber,0,mw_bench_subscriber,50.0,13,0,0,51,1.02,0,50,poll_schedule_timeout.constprop.0:50
before,shm_copy_latency_4194304_1to4,shm_copy,latency,4194304,4,publisher,-1,mw_bench_publisher,50.0,9,0,0,106,2.12,0,50,hrtimer_nanosleep:46;running:3;poll_schedule_timeout.constprop.0:1
before,shm_copy_latency_4194304_1to4,shm_copy,latency,4194304,4,registry,-1,mw_registryd,50.0,1,0,0,137,2.74,0,50,do_epoll_wait:49;running:1
before,shm_copy_latency_4194304_1to4,shm_copy,latency,4194304,4,subscriber,0,mw_bench_subscriber,50.0,19,0,0,51,1.02,0,50,poll_schedule_timeout.constprop.0:42;running:8
before,shm_copy_latency_4194304_1to4,shm_copy,latency,4194304,4,subscriber,1,mw_bench_subscriber,50.0,19,0,0,51,1.02,2,50,poll_schedule_timeout.constprop.0:42;running:8
before,shm_copy_latency_4194304_1to4,shm_copy,latency,4194304,4,subscriber,2,mw_bench_subscriber,50.0,17,0,0,51,1.02,4,50,poll_schedule_timeout.constprop.0:43;running:7
before,shm_copy_latency_4194304_1to4,shm_copy,latency,4194304,4,subscriber,3,mw_bench_subscriber,50.0,18,0,0,51,1.02,0,50,poll_schedule_timeout.constprop.0:43;running:7
before,shm_copy_latency_64_1to1,shm_copy,latency,64,1,publisher,-1,mw_bench_publisher,5000.0,47,0,0,10010,2.002,0,50,hrtimer_nanosleep:42;running:6;poll_schedule_timeout.constprop.0:2
before,shm_copy_latency_64_1to1,shm_copy,latency,64,1,registry,-1,mw_registryd,5000.0,25,0,0,5036,1.0072,0,50,do_epoll_wait:43;running:7
before,shm_copy_latency_64_1to1,shm_copy,latency,64,1,subscriber,0,mw_bench_subscriber,5000.0,18,19,0,5005,1.001,0,50,poll_schedule_timeout.constprop.0:42;running:8
before,shm_copy_latency_65536_1to1,shm_copy,latency,65536,1,publisher,-1,mw_bench_publisher,2500.0,34,0,0,5014,2.0056,0,50,hrtimer_nanosleep:44;running:4;poll_schedule_timeout.constprop.0:2
before,shm_copy_latency_65536_1to1,shm_copy,latency,65536,1,registry,-1,mw_registryd,2500.0,15,0,0,2539,1.0156,0,50,do_epoll_wait:46;running:4
before,shm_copy_latency_65536_1to1,shm_copy,latency,65536,1,subscriber,0,mw_bench_subscriber,2500.0,21,9,0,2506,1.0024,0,50,poll_schedule_timeout.constprop.0:47;running:3
before,shm_copy_latency_65536_1to4,shm_copy,latency,65536,4,publisher,-1,mw_bench_publisher,2500.0,56,0,0,5010,2.004,0,50,hrtimer_nanosleep:41;running:8;poll_schedule_timeout.constprop.0:1
before,shm_copy_latency_65536_1to4,shm_copy,latency,65536,4,registry,-1,mw_registryd,2500.0,16,0,0,2571,1.0284,0,50,do_epoll_wait:47;running:3
before,shm_copy_latency_65536_1to4,shm_copy,latency,65536,4,subscriber,0,mw_bench_subscriber,2500.0,25,9,0,2507,1.0028,0,50,poll_schedule_timeout.constprop.0:44;running:6
before,shm_copy_latency_65536_1to4,shm_copy,latency,65536,4,subscriber,1,mw_bench_subscriber,2500.0,23,9,0,2505,1.002,0,50,poll_schedule_timeout.constprop.0:47;running:3
before,shm_copy_latency_65536_1to4,shm_copy,latency,65536,4,subscriber,2,mw_bench_subscriber,2500.0,23,9,0,2505,1.002,0,50,poll_schedule_timeout.constprop.0:47;running:3
before,shm_copy_latency_65536_1to4,shm_copy,latency,65536,4,subscriber,3,mw_bench_subscriber,2500.0,24,9,0,2509,1.0036,0,50,poll_schedule_timeout.constprop.0:47;running:3
before,shm_copy_throughput_1048576_1to1,shm_copy,throughput,1048576,1,publisher,-1,mw_bench_publisher,6944.0,333,0,0,12141,1.7484158986175116,7,50,running:36;futex_do_wait:11;poll_schedule_timeout.constprop.0:3
before,shm_copy_throughput_1048576_1to1,shm_copy,throughput,1048576,1,registry,-1,mw_registryd,6944.0,35,0,0,6993,1.0070564516129032,2,50,do_epoll_wait:45;running:5
before,shm_copy_throughput_1048576_1to1,shm_copy,throughput,1048576,1,subscriber,0,mw_bench_subscriber,6944.0,486,0,0,417,0.06005184331797235,17,50,running:50
before,shm_copy_throughput_4096_1to1,shm_copy,throughput,4096,1,publisher,-1,mw_bench_publisher,51614.0,301,0,0,51633,1.00036811717751,6,50,running:42;poll_schedule_timeout.constprop.0:7;hrtimer_nanosleep:1
before,shm_copy_throughput_4096_1to1,shm_copy,throughput,4096,1,registry,-1,mw_registryd,51614.0,188,0,0,51696,1.0015887162397799,1,50,running:29;do_epoll_wait:21
before,shm_copy_throughput_4096_1to1,shm_copy,throughput,4096,1,subscriber,0,mw_bench_subscriber,51614.0,113,0,0,51050,0.9890727322044407,0,50,running:28;poll_schedule_timeout.constprop.0:21;timerqueue_del:1
before,shm_copy_throughput_4194304_1to1,shm_copy,throughput,4194304,1,publisher,-1,mw_bench_publisher,1885.0,303,0,0,3690,1.9575596816976126,7,50,running:29;futex_do_wait:19;poll_schedule_timeout.constprop.0:2
before,shm_copy_throughput_4194304_1to1,shm_copy,throughput,4194304,1,registry,-1,mw_registryd,1885.0,12,0,0,1927,1.0222811671087533,4,50,do_epoll_wait:50
before,shm_copy_throughput_4194304_1to1,shm_copy,throughput,4194304,1,subscriber,0,mw_bench_subscriber,1885.0,500,0,0,0,0.0,17,50,running:50
before,shm_copy_throughput_4194304_1to4,shm_copy,throughput,4194304,4,publisher,-1,mw_bench_publisher,1359.0,275,0,0,2768,2.0367917586460633,2,50,running:26;futex_do_wait:23;hrtimer_nanosleep:1
before,shm_copy_throughput_4194304_1to4,shm_copy,throughput,4194304,4,registry,-1,mw_registryd,1359.0,9,0,0,1458,1.0728476821192052,7,50,do_epoll_wait:48;running:2
before,shm_copy_throughput_4194304_1to4,shm_copy,throughput,4194304,4,subscriber,0,mw_bench_subscriber,1359.0,490,0,0,93,0.0684326710816777,5,50,running:47;poll_schedule_timeout.constprop.0:3
before,shm_copy_throughput_4194304_1to4,shm_copy,throughput,4194304,4,subscriber,1,mw_bench_subscriber,1359.0,496,0,0,51,0.037527593818984545,10,50,running:47;poll_schedule_timeout.constprop.0:3
before,shm_copy_throughput_4194304_1to4,shm_copy,throughput,4194304,4,subscriber,2,mw_bench_subscriber,1359.0,501,0,0,20,0.014716703458425313,25,50,running:50
before,shm_copy_throughput_4194304_1to4,shm_copy,throughput,4194304,4,subscriber,3,mw_bench_subscriber,1359.0,492,0,0,73,0.05371596762325239,6,50,running:49;poll_schedule_timeout.constprop.0:1
before,shm_copy_throughput_64_1to1,shm_copy,throughput,64,1,publisher,-1,mw_bench_publisher,43793.0,284,0,0,43653,0.9968031420546662,55,50,running:38;poll_schedule_timeout.constprop.0:11;hrtimer_nanosleep:1
before,shm_copy_throughput_64_1to1,shm_copy,throughput,64,1,registry,-1,mw_registryd,43793.0,193,0,0,43777,0.9996346448062475,2,50,running:28;do_epoll_wait:22
before,shm_copy_throughput_64_1to1,shm_copy,throughput,64,1,subscriber,0,mw_bench_subscriber,43793.0,115,0,0,42593,0.9725983604685681,1,50,poll_schedule_timeout.constprop.0:33;running:17
before,shm_copy_throughput_65536_1to1,shm_copy,throughput,65536,1,publisher,-1,mw_bench_publisher,36480.0,315,0,0,37392,1.025,4,50,running:37;poll_schedule_timeout.constprop.0:10;futex_do_wait:2
before,shm_copy_throughput_65536_1to1,shm_copy,throughput,65536,1,registry,-1,mw_registryd,36480.0,158,0,0,36595,1.0031524122807018,4,50,do_epoll_wait:26;running:24
before,shm_copy_throughput_65536_1to1,shm_copy,throughput,65536,1,subscriber,0,mw_bench_subscriber,36480.0,312,0,0,24214,0.6637609649122806,2,50,running:40;poll_schedule_timeout.constprop.0:10
before,shm_copy_throughput_65536_1to4,shm_copy,throughput,65536,4,publisher,-1,mw_bench_publisher,17730.0,380,0,0,17869,1.0078398195149465,9,50,running:41;poll_schedule_timeout.constprop.0:9
before,shm_copy_throughput_65536_1to4,shm_copy,throughput,65536,4,registry,-1,mw_registryd,17730.0,103,0,0,17906,1.0099266779469824,4,50,do_epoll_wait:41;running:9
before,shm_copy_throughput_65536_1to4,shm_copy,throughput,65536,4,subscriber,0,mw_bench_subscriber,17730.0,196,0,0,15533,0.8760857304004512,6,50,poll_schedule_timeout.constprop.0:33;running:17
before,shm_copy_throughput_65536_1to4,shm_copy,throughput,65536,4,subscriber,1,mw_bench_subscriber,17730.0,213,0,0,15329,0.8645798082346305,4,50,running:29;poll_schedule_timeout.constprop.0:21
before,shm_copy_throughput_65536_1to4,shm_copy,throughput,65536,4,subscriber,2,mw_bench_subscriber,17730.0,214,0,0,15345,0.8654822335025381,3,50,running:36;poll_schedule_timeout.constprop.0:14
before,shm_copy_throughput_65536_1to4,shm_copy,throughput,65536,4,subscriber,3,mw_bench_subscriber,17730.0,201,0,0,15691,0.8849971799210378,8,50,running:26;poll_schedule_timeout.constprop.0:24
before,shm_loan_latency_1048576_1to1,shm_loan,latency,1048576,1,publisher,-1,mw_bench_publisher,250.0,12,0,0,505,2.02,0,50,hrtimer_nanosleep:48;poll_schedule_timeout.constprop.0:1;running:1
before,shm_loan_latency_1048576_1to1,shm_loan,latency,1048576,1,registry,-1,mw_registryd,250.0,2,0,0,290,1.16,1,50,do_epoll_wait:49;running:1
before,shm_loan_latency_1048576_1to1,shm_loan,latency,1048576,1,subscriber,0,mw_bench_subscriber,250.0,18,0,0,250,1.0,0,50,poll_schedule_timeout.constprop.0:48;running:2
before,shm_loan_latency_4096_1to1,shm_loan,latency,4096,1,publisher,-1,mw_bench_publisher,5000.0,53,0,0,10013,2.0026,0,50,hrtimer_nanosleep:39;running:7;poll_schedule_timeout.constprop.0:4
before,shm_loan_latency_4096_1to1,shm_loan,latency,4096,1,registry,-1,mw_registryd,5000.0,28,0,0,5041,1.0082,0,50,do_epoll_wait:45;running:5
before,shm_loan_latency_4096_1to1,shm_loan,latency,4096,1,subscriber,0,mw_bench_subscriber,5000.0,19,19,0,5013,1.0026,0,50,poll_schedule_timeout.constprop.0:46;running:4
before,shm_loan_latency_4194304_1to1,shm_loan,latency,4194304,1,publisher,-1,mw_bench_publisher,50.0,6,0,0,104,2.08,0,50,hrtimer_nanosleep:49;running:1
before,shm_loan_latency_4194304_1to1,shm_loan,latency,4194304,1,registry,-1,mw_registryd,50.0,1,0,0,97,1.94,0,50,do_epoll_wait:50
before,shm_loan_latency_4194304_1to1,shm_loan,latency,4194304,1,subscriber,0,mw_bench_subscriber,50.0,13,0,0,52,1.04,0,50,poll_schedule_timeout.constprop.0:46;running:4
before,shm_loan_latency_4194304_1to4,shm_loan,latency,4194304,4,publisher,-1,mw_bench_publisher,50.0,9,0,0,104,2.08,0,50,hrtimer_nanosleep:49;poll_schedule_timeout.constprop.0:1
before,shm_loan_latency_4194304_1to4,shm_loan,latency,4194304,4,registry,-1,mw_registryd,50.0,1,0,0,150,3.0,0,50,do_epoll_wait:50
before,shm_loan_latency_4194304_1to4,shm_loan,latency,4194304,4,subscriber,0,mw_bench_subscriber,50.0,21,0,0,53,1.06,0,50,poll_schedule_timeout.constprop.0:45;running:5
before,shm_loan_latency_4194304_1to4,shm_loan,latency,4194304,4,subscriber,1,mw_bench_subscriber,50.0,22,0,0,52,1.04,0,50,poll_schedule_timeout.constprop.0:46;running:4
before,shm_loan_latency_4194304_1to4,shm_loan,latency,4194304,4,subscriber,2,mw_bench_subscriber,50.0,21,0,0,52,1.04,2,50,poll_schedule_timeout.constprop.0:46;running:4
before,shm_loan_latency_4194304_1to4,shm_loan,latency,4194304,4,subscriber,3,mw_bench_subscriber,50.0,20,0,0,54,1.08,0,50,poll_schedule_timeout.constprop.0:47;running:3
before,shm_loan_latency_64_1to1,shm_loan,latency,64,1,publisher,-1,mw_bench_publisher,5000.0,45,0,0,10002,2.0004,0,50,hrtimer_nanosleep:42;running:6;poll_schedule_timeout.constprop.0:2
before,shm_loan_latency_64_1to1,shm_loan,latency,64,1,registry,-1,mw_registryd,5000.0,24,0,0,5032,1.0064,0,50,do_epoll_wait:44;running:6
before,shm_loan_latency_64_1to1,shm_loan,latency,64,1,subscriber,0,mw_bench_subscriber,5000.0,17,19,0,5001,1.0002,0,50,poll_schedule_timeout.constprop.0:45;running:5
before,shm_loan_latency_65536_1to1,shm_loan,latency,65536,1,publisher,-1,mw_bench_publisher,2500.0,34,0,0,5004,2.0016,0,50,hrtimer_nanosleep:44;running:5;poll_schedule_timeout.constprop.0:1
before,shm_loan_latency_65536_1to1,shm_loan,latency,65536,1,registry,-1,mw_registryd,2500.0,15,0,0,2532,1.0128,0,50,do_epoll_wait:47;running:3
before,shm_loan_latency_65536_1to1,shm_loan,latency,65536,1,subscriber,0,mw_bench_subscriber,2500.0,21,9,0,2501,1.0004,0,50,poll_schedule_timeout.constprop.0:46;running:4
before,shm_loan_latency_65536_1to4,shm_loan,latency,65536,4,publisher,-1,mw_bench_publisher,2500.0,58,0,0,5013,2.0052,2,50,hrtimer_nanosleep:41;running:7;poll_schedule_timeout.constprop.0:2
before,shm_loan_latency_65536_1to4,shm_loan,latency,65536,4,registry,-1,mw_registryd,2500.0,16,0,0,2590,1.036,0,50,do_epoll_wait:45;running:5
before,shm_loan_latency_65536_1to4,shm_loan,latency,65536,4,subscriber,0,mw_bench_subscriber,2500.0,25,9,0,2507,1.0028,2,50,poll_schedule_timeout.constprop.0:49;running:1
before,shm_loan_latency_65536_1to4,shm_loan,latency,65536,4,subscriber,1,mw_bench_subscriber,2500.0,24,9,0,2505,1.002,2,50,poll_schedule_timeout.constprop.0:49;running:1
before,shm_loan_latency_65536_1to4,shm_loan,latency,65536,4,subscriber,2,mw_bench_subscriber,2500.0,24,9,0,2508,1.0032,1,50,poll_schedule_timeout.constprop.0:48;running:2
before,shm_loan_latency_65536_1to4,shm_loan,latency,65536,4,subscriber,3,mw_bench_subscriber,2500.0,25,9,0,2505,1.002,0,50,poll_schedule_timeout.constprop.0:47;running:3
before,shm_loan_throughput_1048576_1to1,shm_loan,throughput,1048576,1,publisher,-1,mw_bench_publisher,7211.0,249,0,0,14389,1.9954236582998197,1,50,running:28;futex_do_wait:14;poll_schedule_timeout.constprop.0:7
before,shm_loan_throughput_1048576_1to1,shm_loan,throughput,1048576,1,registry,-1,mw_registryd,7211.0,34,0,0,7272,1.0084592982942726,0,50,do_epoll_wait:41;running:9
before,shm_loan_throughput_1048576_1to1,shm_loan,throughput,1048576,1,subscriber,0,mw_bench_subscriber,7211.0,493,0,0,0,0.0,22,50,running:49;poll_schedule_timeout.constprop.0:1
before,shm_loan_throughput_4096_1to1,shm_loan,throughput,4096,1,publisher,-1,mw_bench_publisher,47987.0,298,0,0,47880,0.9977702294371392,4,50,running:33;poll_schedule_timeout.constprop.0:16;hrtimer_nanosleep:1
before,shm_loan_throughput_4096_1to1,shm_loan,throughput,4096,1,registry,-1,mw_registryd,47987.0,180,0,0,47953,0.999291474774418,2,50,running:28;do_epoll_wait:22
before,shm_loan_throughput_4096_1to1,shm_loan,throughput,4096,1,subscriber,0,mw_bench_subscriber,47987.0,111,0,0,47112,0.9817658949298769,1,50,running:27;poll_schedule_timeout.constprop.0:23
before,shm_loan_throughput_4194304_1to1,shm_loan,throughput,4194304,1,publisher,-1,mw_bench_publisher,1854.0,223,0,0,3703,1.9973031283710896,1,50,futex_do_wait:26;running:23;hrtimer_nanosleep:1
before,shm_loan_throughput_4194304_1to1,shm_loan,throughput,4194304,1,registry,-1,mw_registryd,1854.0,10,0,0,1892,1.0204962243797195,0,50,do_epoll_wait:47;running:3
before,shm_loan_throughput_4194304_1to1,shm_loan,throughput,4194304,1,subscriber,0,mw_bench_subscriber,1854.0,503,0,0,0,0.0,12,50,running:50
before,shm_loan_throughput_4194304_1to4,shm_loan,throughput,4194304,4,publisher,-1,mw_bench_publisher,1334.0,209,0,0,2764,2.0719640179910046,19,50,futex_do_wait:28;running:21;poll_schedule_timeout.constprop.0:1
before,shm_loan_throughput_4194304_1to4,shm_loan,throughput,4194304,4,registry,-1,mw_registryd,1334.0,11,0,0,1434,1.0749625187406298,8,50,do_epoll_wait:48;running:2
before,shm_loan_throughput_4194304_1to4,shm_loan,throughput,4194304,4,subscriber,0,mw_bench_subscriber,1334.0,500,0,0,46,0.034482758620689655,14,50,running:50
before,shm_loan_throughput_4194304_1to4,shm_loan,throughput,4194304,4,subscriber,1,mw_bench_subscriber,1334.0,503,0,0,25,0.018740629685157422,6,50,running:50
before,shm_loan_throughput_4194304_1to4,shm_loan,throughput,4194304,4,subscriber,2,mw_bench_subscriber,1334.0,488,0,0,144,0.10794602698650675,21,50,running:49;poll_schedule_timeout.constprop.0:1
before,shm_loan_throughput_4194304_1to4,shm_loan,throughput,4194304,4,subscriber,3,mw_bench_subscriber,1334.0,487,0,0,162,0.12143928035982009,12,50,running:48;poll_schedule_timeout.constprop.0:2
before,shm_loan_throughput_64_1to1,shm_loan,throughput,64,1,publisher,-1,mw_bench_publisher,45888.0,290,0,0,45679,0.9954454323570432,8,50,running:36;poll_schedule_timeout.constprop.0:13;hrtimer_nanosleep:1
before,shm_loan_throughput_64_1to1,shm_loan,throughput,64,1,registry,-1,mw_registryd,45888.0,175,0,0,45830,0.9987360529986054,2,50,running:26;do_epoll_wait:24
before,shm_loan_throughput_64_1to1,shm_loan,throughput,64,1,subscriber,0,mw_bench_subscriber,45888.0,98,0,0,45298,0.9871426080892608,0,50,poll_schedule_timeout.constprop.0:30;running:20
before,shm_loan_throughput_65536_1to1,shm_loan,throughput,65536,1,publisher,-1,mw_bench_publisher,42340.0,327,0,0,42304,0.999149740198394,4,50,running:36;poll_schedule_timeout.constprop.0:13;hrtimer_nanosleep:1
before,shm_loan_throughput_65536_1to1,shm_loan,throughput,65536,1,registry,-1,mw_registryd,42340.0,158,0,0,42350,1.0002361832782238,2,50,running:28;do_epoll_wait:22
before,shm_loan_throughput_65536_1to1,shm_loan,throughput,65536,1,subscriber,0,mw_bench_subscriber,42340.0,247,0,0,39950,0.9435521965044875,2,50,running:38;poll_schedule_timeout.constprop.0:12
before,shm_loan_throughput_65536_1to4,shm_loan,throughput,65536,4,publisher,-1,mw_bench_publisher,23158.0,392,0,0,23140,0.9992227308057691,7,50,running:46;poll_schedule_timeout.constprop.0:3;hrtimer_nanosleep:1
before,shm_loan_throughput_65536_1to4,shm_loan,throughput,65536,4,registry,-1,mw_registryd,23158.0,105,0,0,23213,1.0023749892045946,1,50,do_epoll_wait:38;running:12
before,shm_loan_throughput_65536_1to4,shm_loan,throughput,65536,4,subscriber,0,mw_bench_subscriber,23158.0,154,0,0,22964,0.9916227653510666,1,50,poll_schedule_timeout.constprop.0:33;running:17
before,shm_loan_throughput_65536_1to4,shm_loan,throughput,65536,4,subscriber,1,mw_bench_subscriber,23158.0,165,0,0,23020,0.9940409361775628,1,50,poll_schedule_timeout.constprop.0:32;running:18
before,shm_loan_throughput_65536_1to4,shm_loan,throughput,65536,4,subscriber,2,mw_bench_subscriber,23158.0,190,0,0,22933,0.9902841350721133,7,50,poll_schedule_timeout.constprop.0:29;running:21
before,shm_loan_throughput_65536_1to4,shm_loan,throughput,65536,4,subscriber,3,mw_bench_subscriber,23158.0,186,0,0,22857,0.9870023318075827,3,50,running:26;poll_schedule_timeout.constprop.0:24
before,uds_latency_1048576_1to1,uds,latency,1048576,1,publisher,-1,mw_bench_publisher,250.0,16,0,0,969,3.876,0,50,hrtimer_nanosleep:48;running:2
before,uds_latency_1048576_1to1,uds,latency,1048576,1,registry,-1,mw_registryd,250.0,0,0,0,80,0.32,0,50,do_epoll_wait:50
before,uds_latency_1048576_1to1,uds,latency,1048576,1,subscriber,0,mw_bench_subscriber,250.0,25,0,0,1164,4.656,1,50,poll_schedule_timeout.constprop.0:48;running:2
before,uds_latency_4096_1to1,uds,latency,4096,1,publisher,-1,mw_bench_publisher,5000.0,24,0,0,5016,1.0032,0,50,hrtimer_nanosleep:49;running:1
before,uds_latency_4096_1to1,uds,latency,4096,1,registry,-1,mw_registryd,5000.0,0,0,0,80,0.016,0,50,do_epoll_wait:50
before,uds_latency_4096_1to1,uds,latency,4096,1,subscriber,0,mw_bench_subscriber,5000.0,21,19,0,5049,1.0098,0,50,poll_schedule_timeout.constprop.0:43;running:7
before,uds_latency_4194304_1to1,uds,latency,4194304,1,publisher,-1,mw_bench_publisher,50.0,11,0,0,407,8.14,1,50,hrtimer_nanosleep:50
before,uds_latency_4194304_1to1,uds,latency,4194304,1,registry,-1,mw_registryd,50.0,0,0,0,80,1.6,0,50,do_epoll_wait:50
before,uds_latency_4194304_1to1,uds,latency,4194304,1,subscriber,0,mw_bench_subscriber,50.0,20,0,0,786,15.72,2,50,poll_schedule_timeout.constprop.0:50
before,uds_latency_4194304_1to4,uds,latency,4194304,4,publisher,-1,mw_bench_publisher,50.0,26,0,0,1152,23.04,0,50,hrtimer_nanosleep:46;running:4
before,uds_latency_4194304_1to4,uds,latency,4194304,4,registry,-1,mw_registryd,50.0,0,0,0,128,2.56,0,50,do_epoll_wait:49;running:1
before,uds_latency_4194304_1to4,uds,latency,4194304,4,subscriber,0,mw_bench_subscriber,50.0,19,0,0,783,15.66,2,50,poll_schedule_timeout.constprop.0:48;running:2
before,uds_latency_4194304_1to4,uds,latency,4194304,4,subscriber,1,mw_bench_subscriber,50.0,21,0,0,801,16.02,1,50,poll_schedule_timeout.constprop.0:47;running:3
before,uds_latency_4194304_1to4,uds,latency,4194304,4,subscriber,2,mw_bench_subscriber,50.0,20,0,0,972,19.44,0,50,poll_schedule_timeout.constprop.0:47;running:3
before,uds_latency_4194304_1to4,uds,latency,4194304,4,subscriber,3,mw_bench_subscriber,50.0,20,0,0,851,17.02,2,50,poll_schedule_timeout.constprop.0:42;running:8
before,uds_latency_64_1to1,uds,latency,64,1,publisher,-1,mw_bench_publisher,5000.0,26,0,0,5015,1.003,2,50,hrtimer_nanosleep:49;running:1
before,uds_latency_64_1to1,uds,latency,64,1,registry,-1,mw_registryd,5000.0,0,0,0,80,0.016,0,50,do_epoll_wait:50
before,uds_latency_64_1to1,uds,latency,64,1,subscriber,0,mw_bench_subscriber,5000.0,20,19,0,5019,1.0038,0,50,poll_schedule_timeout.constprop.0:46;running:4
before,uds_latency_65536_1to1,uds,latency,65536,1,publisher,-1,mw_bench_publisher,2500.0,22,0,0,2511,1.0044,0,50,hrtimer_nanosleep:45;running:5
before,uds_latency_65536_1to1,uds,latency,65536,1,registry,-1,mw_registryd,2500.0,0,0,0,80,0.032,0,50,do_epoll_wait:50
before,uds_latency_65536_1to1,uds,latency,65536,1,subscriber,0,mw_bench_subscriber,2500.0,25,9,0,2517,1.0068,0,50,poll_schedule_timeout.constprop.0:42;running:8
before,uds_latency_65536_1to4,uds,latency,65536,4,publisher,-1,mw_bench_publisher,2500.0,53,0,0,2511,1.0044,2,50,hrtimer_nanosleep:45;running:5
before,uds_latency_65536_1to4,uds,latency,65536,4,registry,-1,mw_registryd,2500.0,0,0,0,110,0.044,0,50,do_epoll_wait:50
before,uds_latency_65536_1to4,uds,latency,65536,4,subscriber,0,mw_bench_subscriber,2500.0,27,9,0,2520,1.008,3,50,poll_schedule_timeout.constprop.0:46;running:4
before,uds_latency_65536_1to4,uds,latency,65536,4,subscriber,1,mw_bench_subscriber,2500.0,26,9,0,2523,1.0092,1,50,poll_schedule_timeout.constprop.0:47;running:3
before,uds_latency_65536_1to4,uds,latency,65536,4,subscriber,2,mw_bench_subscriber,2500.0,27,9,0,2524,1.0096,3,50,poll_schedule_timeout.constprop.0:48;running:2
before,uds_latency_65536_1to4,uds,latency,65536,4,subscriber,3,mw_bench_subscriber,2500.0,26,9,0,2527,1.0108,1,50,poll_schedule_timeout.constprop.0:48;running:2
before,uds_throughput_1048576_1to1,uds,throughput,1048576,1,publisher,-1,mw_bench_publisher,5981.0,263,0,0,7051,1.178899849523491,5,50,running:29;sock_alloc_send_pskb:21
before,uds_throughput_1048576_1to1,uds,throughput,1048576,1,registry,-1,mw_registryd,5981.0,0,0,0,81,0.013542885805049323,1,50,do_epoll_wait:50
before,uds_throughput_1048576_1to1,uds,throughput,1048576,1,subscriber,0,mw_bench_subscriber,5981.0,465,0,0,9723,1.6256478849690688,17,50,running:47;poll_schedule_timeout.constprop.0:3
before,uds_throughput_4096_1to1,uds,throughput,4096,1,publisher,-1,mw_bench_publisher,484807.0,219,0,0,8848,0.01825056156367379,1,50,running:27;sock_alloc_send_pskb:22;hrtimer_nanosleep:1
before,uds_throughput_4096_1to1,uds,throughput,4096,1,registry,-1,mw_registryd,484807.0,0,0,0,80,0.00016501411902055868,0,50,do_epoll_wait:50
before,uds_throughput_4096_1to1,uds,throughput,4096,1,subscriber,0,mw_bench_subscriber,484807.0,498,1,0,1505,0.0031043281140742604,17,50,running:49;poll_schedule_timeout.constprop.0:1
before,uds_throughput_4194304_1to1,uds,throughput,4194304,1,publisher,-1,mw_bench_publisher,1380.0,288,0,0,2124,1.5391304347826087,0,50,running:29;sock_alloc_send_pskb:21
before,uds_throughput_4194304_1to1,uds,throughput,4194304,1,registry,-1,mw_registryd,1380.0,0,0,0,80,0.057971014492753624,0,50,do_epoll_wait:50
before,uds_throughput_4194304_1to1,uds,throughput,4194304,1,subscriber,0,mw_bench_subscriber,1380.0,471,0,0,22908,16.6,6,50,running:50
before,uds_throughput_4194304_1to4,uds,throughput,4194304,4,publisher,-1,mw_bench_publisher,829.0,405,0,0,3809,4.594692400482509,13,50,running:43;sock_alloc_send_pskb:6;hrtimer_nanosleep:1
before,uds_throughput_4194304_1to4,uds,throughput,4194304,4,registry,-1,mw_registryd,829.0,0,0,0,113,0.13630880579010857,0,50,do_epoll_wait:50
before,uds_throughput_4194304_1to4,uds,throughput,4194304,4,subscriber,0,mw_bench_subscriber,829.0,340,0,0,14468,17.452352231604344,7,50,running:34;poll_schedule_timeout.constprop.0:16
before,uds_throughput_4194304_1to4,uds,throughput,4194304,4,subscriber,1,mw_bench_subscriber,829.0,372,0,0,11961,14.42822677925211,9,50,running:39;poll_schedule_timeout.constprop.0:11
before,uds_throughput_4194304_1to4,uds,throughput,4194304,4,subscriber,2,mw_bench_subscriber,829.0,366,0,0,13112,15.81664656212304,14,50,running:38;poll_schedule_timeout.constprop.0:12
before,uds_throughput_4194304_1to4,uds,throughput,4194304,4,subscriber,3,mw_bench_subscriber,829.0,349,0,0,12484,15.059107358262967,2,50,running:40;poll_schedule_timeout.constprop.0:10
before,uds_throughput_64_1to1,uds,throughput,64,1,publisher,-1,mw_bench_publisher,711805.0,219,0,0,3684,0.005175574771180309,0,50,running:28;sock_alloc_send_pskb:21;hrtimer_nanosleep:1
before,uds_throughput_64_1to1,uds,throughput,64,1,registry,-1,mw_registryd,711805.0,0,0,0,80,0.00011239033162172224,0,50,do_epoll_wait:50
before,uds_throughput_64_1to1,uds,throughput,64,1,subscriber,0,mw_bench_subscriber,711805.0,497,2,0,305,0.000428488139307816,13,50,running:49;poll_schedule_timeout.constprop.0:1
before,uds_throughput_65536_1to1,uds,throughput,65536,1,publisher,-1,mw_bench_publisher,87632.0,256,0,0,15947,0.18197690341427789,4,50,running:35;sock_alloc_send_pskb:14;hrtimer_nanosleep:1
before,uds_throughput_65536_1to1,uds,throughput,65536,1,registry,-1,mw_registryd,87632.0,0,0,0,80,0.0009129085265656381,0,50,do_epoll_wait:50
before,uds_throughput_65536_1to1,uds,throughput,65536,1,subscriber,0,mw_bench_subscriber,87632.0,496,0,0,704,0.008033595033777615,14,50,running:49;poll_schedule_timeout.constprop.0:1
before,uds_throughput_65536_1to4,uds,throughput,65536,4,publisher,-1,mw_bench_publisher,38885.0,434,0,0,2224,0.0571942908576572,12,50,running:45;sock_alloc_send_pskb:4;hrtimer_nanosleep:1
before,uds_throughput_65536_1to4,uds,throughput,65536,4,registry,-1,mw_registryd,38885.0,0,0,0,132,0.0033946251768033945,2,50,do_epoll_wait:50
before,uds_throughput_65536_1to4,uds,throughput,65536,4,subscriber,0,mw_bench_subscriber,38885.0,300,0,0,24909,0.6405812009772406,3,50,running:33;poll_schedule_timeout.constprop.0:17
before,uds_throughput_65536_1to4,uds,throughput,65536,4,subscriber,1,mw_bench_subscriber,38885.0,310,0,0,24102,0.6198276970554198,7,50,running:38;poll_schedule_timeout.constprop.0:12
before,uds_throughput_65536_1to4,uds,throughput,65536,4,subscriber,2,mw_bench_subscriber,38885.0,324,0,0,23233,0.5974797479747975,9,50,running:40;poll_schedule_timeout.constprop.0:10
before,uds_throughput_65536_1to4,uds,throughput,65536,4,subscriber,3,mw_bench_subscriber,38885.0,311,0,0,24473,0.6293686511508294,5,50,running:34;poll_schedule_timeout.constprop.0:16
after,ros2_latency_4194304_1to1,ros2,latency,4194304,1,publisher,-1,mw_ros2_bench_publisher,50.0,15,0,0,58,1.16,0,50,hrtimer_nanosleep:44;running:6
after,ros2_latency_4194304_1to1,ros2,latency,4194304,1,subscriber,0,mw_ros2_bench_subscriber,50.0,178,0,0,51793,1035.86,4,50,futex_do_wait:37;running:13
after,ros2_latency_65536_1to1,ros2,latency,65536,1,publisher,-1,mw_ros2_bench_publisher,2500.0,38,0,0,2510,1.004,0,50,hrtimer_nanosleep:45;running:5
after,ros2_latency_65536_1to1,ros2,latency,65536,1,subscriber,0,mw_ros2_bench_subscriber,2500.0,196,9,0,50865,20.346,3,50,futex_do_wait:34;running:16
after,ros2_throughput_4194304_1to1,ros2,throughput,4194304,1,publisher,-1,mw_ros2_bench_publisher,1469.0,558,0,0,884,0.6017699115044248,9,50,running:46;futex_do_wait:3;hrtimer_nanosleep:1
after,ros2_throughput_4194304_1to1,ros2,throughput,4194304,1,subscriber,0,mw_ros2_bench_subscriber,1469.0,615,0,0,3747,2.55071477195371,6,50,running:48;futex_do_wait:2
after,ros2_throughput_65536_1to1,ros2,throughput,65536,1,publisher,-1,mw_ros2_bench_publisher,45366.0,575,0,0,535,0.011792972710840718,4,50,running:49;hrtimer_nanosleep:1
after,ros2_throughput_65536_1to1,ros2,throughput,65536,1,subscriber,0,mw_ros2_bench_subscriber,45366.0,595,0,0,29099,0.6414275007715029,164,50,running:43;futex_do_wait:7
after,shm_copy_latency_1048576_1to1,shm_copy,latency,1048576,1,publisher,-1,mw_bench_publisher,250.0,13,0,0,504,2.016,0,50,hrtimer_nanosleep:48;running:2
after,shm_copy_latency_1048576_1to1,shm_copy,latency,1048576,1,registry,-1,mw_registryd,250.0,2,0,0,289,1.156,0,50,do_epoll_wait:49;running:1
after,shm_copy_latency_1048576_1to1,shm_copy,latency,1048576,1,subscriber,0,mw_bench_subscriber,250.0,16,0,0,251,1.004,0,50,poll_schedule_timeout.constprop.0:48;running:2
after,shm_copy_latency_4096_1to1,shm_copy,latency,4096,1,publisher,-1,mw_bench_publisher,5000.0,40,0,0,7526,1.5052,0,50,hrtimer_nanosleep:42;running:6;poll_schedule_timeout.constprop.0:2
after,shm_copy_latency_4096_1to1,shm_copy,latency,4096,1,registry,-1,mw_registryd,5000.0,15,0,0,2557,0.5114,0,50,do_epoll_wait:48;running:2
after,shm_copy_latency_4096_1to1,shm_copy,latency,4096,1,subscriber,0,mw_bench_subscriber,5000.0,21,19,0,5002,1.0004,0,50,poll_schedule_timeout.constprop.0:45;running:5
after,shm_copy_latency_4194304_1to1,shm_copy,latency,4194304,1,publisher,-1,mw_bench_publisher,50.0,9,0,0,106,2.12,0,50,hrtimer_nanosleep:47;running:3
after,shm_copy_latency_4194304_1to1,shm_copy,latency,4194304,1,registry,-1,mw_registryd,50.0,1,0,0,92,1.84,0,50,do_epoll_wait:50
after,shm_copy_latency_4194304_1to1,shm_copy,latency,4194304,1,subscriber,0,mw_bench_subscriber,50.0,13,0,0,52,1.04,0,50,poll_schedule_timeout.constprop.0:47;running:3
after,shm_copy_latency_4194304_1to4,shm_copy,latency,4194304,4,publisher,-1,mw_bench_publisher,50.0,8,0,0,103,2.06,0,50,hrtimer_nanosleep:50
after,shm_copy_latency_4194304_1to4,shm_copy,latency,4194304,4,registry,-1,mw_registryd,50.0,1,0,0,143,2.86,0,50,do_epoll_wait:50
after,shm_copy_latency_4194304_1to4,shm_copy,latency,4194304,4,subscriber,0,mw_bench_subscriber,50.0,15,0,0,52,1.04,1,50,poll_schedule_timeout.constprop.0:45;running:5
after,shm_copy_latency_4194304_1to4,shm_copy,latency,4194304,4,subscriber,1,mw_bench_subscriber,50.0,16,0,0,52,1.04,3,50,poll_schedule_timeout.constprop.0:44;running:6
after,shm_copy_latency_4194304_1to4,shm_copy,latency,4194304,4,subscriber,2,mw_bench_subscriber,50.0,18,0,0,52,1.04,1,50,poll_schedule_timeout.constprop.0:44;running:6
after,shm_copy_latency_4194304_1to4,shm_copy,latency,4194304,4,subscriber,3,mw_bench_subscriber,50.0,17,0,0,52,1.04,1,50,poll_schedule_timeout.constprop.0:45;running:5
after,shm_copy_latency_64_1to1,shm_copy,latency,64,1,publisher,-1,mw_bench_publisher,5000.0,40,0,0,7523,1.5046,0,50,hrtimer_nanosleep:46;running:3;poll_schedule_timeout.constprop.0:1
after,shm_copy_latency_64_1to1,shm_copy,latency,64,1,registry,-1,mw_registryd,5000.0,16,0,0,2556,0.5112,0,50,do_epoll_wait:47;running:3
after,shm_copy_latency_64_1to1,shm_copy,latency,64,1,subscriber,0,mw_bench_subscriber,5000.0,20,19,0,5002,1.0004,0,50,poll_schedule_timeout.constprop.0:46;running:4
after,shm_copy_latency_65536_1to1,shm_copy,latency,65536,1,publisher,-1,mw_bench_publisher,2500.0,34,0,0,5020,2.008,0,50,hrtimer_nanosleep:43;running:7
after,shm_copy_latency_65536_1to1,shm_copy,latency,65536,1,registry,-1,mw_registryd,2500.0,14,0,0,2543,1.0172,0,50,do_epoll_wait:45;running:5
after,shm_copy_latency_65536_1to1,shm_copy,latency,65536,1,subscriber,0,mw_bench_subscriber,2500.0,20,10,0,2511,1.0044,0,50,poll_schedule_timeout.constprop.0:48;running:2
after,shm_copy_latency_65536_1to4,shm_copy,latency,65536,4,publisher,-1,mw_bench_publisher,2500.0,57,15,0,5008,2.0032,4,50,hrtimer_nanosleep:41;running:6;poll_schedule_timeout.constprop.0:3
after,shm_copy_latency_65536_1to4,shm_copy,latency,65536,4,registry,-1,mw_registryd,2500.0,17,0,0,2574,1.0296,1,50,do_epoll_wait:46;running:4
after,shm_copy_latency_65536_1to4,shm_copy,latency,65536,4,subscriber,0,mw_bench_subscriber,2500.0,25,11,0,2514,1.0056,4,50,poll_schedule_timeout.constprop.0:45;running:5
after,shm_copy_latency_65536_1to4,shm_copy,latency,65536,4,subscriber,1,mw_bench_subscriber,2500.0,25,11,0,2504,1.0016,2,50,poll_schedule_timeout.constprop.0:44;running:6
after,shm_copy_latency_65536_1to4,shm_copy,latency,65536,4,subscriber,2,mw_bench_subscriber,2500.0,24,11,0,2509,1.0036,0,50,poll_schedule_timeout.constprop.0:46;running:4
after,shm_copy_latency_65536_1to4,shm_copy,latency,65536,4,subscriber,3,mw_bench_subscriber,2500.0,24,11,0,2506,1.0024,1,50,poll_schedule_timeout.constprop.0:49;running:1
after,shm_copy_throughput_1048576_1to1,shm_copy,throughput,1048576,1,publisher,-1,mw_bench_publisher,7269.0,292,0,0,10716,1.4742055303342962,2,50,running:36;futex_do_wait:11;poll_schedule_timeout.constprop.0:2
after,shm_copy_throughput_1048576_1to1,shm_copy,throughput,1048576,1,registry,-1,mw_registryd,7269.0,19,0,0,3694,0.5081854450405833,0,50,do_epoll_wait:43;running:7
after,shm_copy_throughput_1048576_1to1,shm_copy,throughput,1048576,1,subscriber,0,mw_bench_subscriber,7269.0,499,0,0,3,0.0004127115146512588,16,50,running:49;poll_schedule_timeout.constprop.0:1
after,shm_copy_throughput_4096_1to1,shm_copy,throughput,4096,1,publisher,-1,mw_bench_publisher,370850.0,294,0,0,93388,0.2518214911689362,3,50,running:42;futex_do_wait:4;poll_schedule_timeout.constprop.0:3
after,shm_copy_throughput_4096_1to1,shm_copy,throughput,4096,1,registry,-1,mw_registryd,370850.0,21,0,0,4365,0.011770257516516112,0,50,do_epoll_wait:46;running:4
after,shm_copy_throughput_4096_1to1,shm_copy,throughput,4096,1,subscriber,0,mw_bench_subscriber,370850.0,450,1,0,5709,0.015394364298233787,6,50,running:45;poll_schedule_timeout.constprop.0:5
after,shm_copy_throughput_4194304_1to1,shm_copy,throughput,4194304,1,publisher,-1,mw_bench_publisher,1892.0,303,0,0,3770,1.992600422832981,5,50,running:34;futex_do_wait:15;hrtimer_nanosleep:1
after,shm_copy_throughput_4194304_1to1,shm_copy,throughput,4194304,1,registry,-1,mw_registryd,1892.0,11,0,0,1934,1.022198731501057,3,50,do_epoll_wait:47;running:3
after,shm_copy_throughput_4194304_1to1,shm_copy,throughput,4194304,1,subscriber,0,mw_bench_subscriber,1892.0,505,0,0,1,0.0005285412262156448,17,50,running:50
after,shm_copy_throughput_4194304_1to4,shm_copy,throughput,4194304,4,publisher,-1,mw_bench_publisher,1339.0,270,0,0,2709,2.0231516056758774,11,50,running:29;futex_do_wait:20;hrtimer_nanosleep:1
after,shm_copy_throughput_4194304_1to4,shm_copy,throughput,4194304,4,registry,-1,mw_registryd,1339.0,9,0,0,1419,1.059746079163555,11,50,do_epoll_wait:50
after,shm_copy_throughput_4194304_1to4,shm_copy,throughput,4194304,4,subscriber,0,mw_bench_subscriber,1339.0,490,0,0,81,0.060492905153099324,10,50,running:49;poll_schedule_timeout.constprop.0:1
after,shm_copy_throughput_4194304_1to4,shm_copy,throughput,4194304,4,subscriber,1,mw_bench_subscriber,1339.0,490,0,0,85,0.06348020911127707,11,50,running:48;poll_schedule_timeout.constprop.0:2
after,shm_copy_throughput_4194304_1to4,shm_copy,throughput,4194304,4,subscriber,2,mw_bench_subscriber,1339.0,488,0,0,124,0.09260642270351008,5,50,running:50
after,shm_copy_throughput_4194304_1to4,shm_copy,throughput,4194304,4,subscriber,3,mw_bench_subscriber,1339.0,499,0,0,37,0.027632561613144136,2,50,running:49;poll_schedule_timeout.constprop.0:1
after,shm_copy_throughput_64_1to1,shm_copy,throughput,64,1,publisher,-1,mw_bench_publisher,663859.0,348,0,0,122543,0.18459190882401233,3,50,running:45;futex_do_wait:2;hrtimer_nanosleep:1
after,shm_copy_throughput_64_1to1,shm_copy,throughput,64,1,registry,-1,mw_registryd,663859.0,21,0,0,4474,0.006739382911130225,0,50,do_epoll_wait:49;running:1
after,shm_copy_throughput_64_1to1,shm_copy,throughput,64,1,subscriber,0,mw_bench_subscriber,663859.0,448,2,0,5748,0.008658465125877634,7,50,running:46;poll_schedule_timeout.constprop.0:4
after,shm_copy_throughput_65536_1to1,shm_copy,throughput,65536,1,publisher,-1,mw_bench_publisher,86711.0,277,0,0,53898,0.6215820368811339,3,50,running:40;futex_do_wait:7;poll_schedule_timeout.constprop.0:2
after,shm_copy_throughput_65536_1to1,shm_copy,throughput,65536,1,registry,-1,mw_registryd,86711.0,21,0,0,4349,0.050155112961446646,0,50,do_epoll_wait:47;running:3
after,shm_copy_throughput_65536_1to1,shm_copy,throughput,65536,1,subscriber,0,mw_bench_subscriber,86711.0,500,0,0,22,0.00025371636816551535,10,50,running:49;poll_schedule_timeout.constprop.0:1
after,shm_copy_throughput_65536_1to4,shm_copy,throughput,65536,4,publisher,-1,mw_bench_publisher,56418.0,378,0,0,25011,0.44331596299053494,11,50,running:44;futex_do_wait:3;poll_schedule_timeout.constprop.0:3
after,shm_copy_throughput_65536_1to4,shm_copy,throughput,65536,4,registry,-1,mw_registryd,56418.0,22,0,0,4397,0.07793611967811691,6,50,do_epoll_wait:48;running:2
after,shm_copy_throughput_65536_1to4,shm_copy,throughput,65536,4,subscriber,0,mw_bench_subscriber,56418.0,380,0,0,16225,0.28758552235102275,12,50,running:41;poll_schedule_timeout.constprop.0:9
after,shm_copy_throughput_65536_1to4,shm_copy,throughput,65536,4,subscriber,1,mw_bench_subscriber,56418.0,405,0,0,12675,0.22466234180580666,11,50,running:43;poll_schedule_timeout.constprop.0:7
after,shm_copy_throughput_65536_1to4,shm_copy,throughput,65536,4,subscriber,2,mw_bench_subscriber,56418.0,421,0,0,11187,0.1982877804955865,6,50,running:44;poll_schedule_timeout.constprop.0:6
after,shm_copy_throughput_65536_1to4,shm_copy,throughput,65536,4,subscriber,3,mw_bench_subscriber,56418.0,415,0,0,11934,0.21152823566946719,13,50,running:47;poll_schedule_timeout.constprop.0:3
after,shm_loan_latency_1048576_1to1,shm_loan,latency,1048576,1,publisher,-1,mw_bench_publisher,250.0,11,0,0,504,2.016,0,50,hrtimer_nanosleep:49;running:1
after,shm_loan_latency_1048576_1to1,shm_loan,latency,1048576,1,registry,-1,mw_registryd,250.0,1,0,0,291,1.164,0,50,do_epoll_wait:50
after,shm_loan_latency_1048576_1to1,shm_loan,latency,1048576,1,subscriber,0,mw_bench_subscriber,250.0,17,0,0,252,1.008,0,50,poll_schedule_timeout.constprop.0:48;running:2
after,shm_loan_latency_4096_1to1,shm_loan,latency,4096,1,publisher,-1,mw_bench_publisher,5000.0,44,0,0,7549,1.5098,0,50,hrtimer_nanosleep:39;running:7;poll_schedule_timeout.constprop.0:4
after,shm_loan_latency_4096_1to1,shm_loan,latency,4096,1,registry,-1,mw_registryd,5000.0,15,0,0,2579,0.5158,1,50,do_epoll_wait:50
after,shm_loan_latency_4096_1to1,shm_loan,latency,4096,1,subscriber,0,mw_bench_subscriber,5000.0,23,19,0,5009,1.0018,0,50,poll_schedule_timeout.constprop.0:48;running:2
after,shm_loan_latency_4194304_1to1,shm_loan,latency,4194304,1,publisher,-1,mw_bench_publisher,50.0,7,0,0,104,2.08,2,50,hrtimer_nanosleep:46;running:3;poll_schedule_timeout.constprop.0:1
after,shm_loan_latency_4194304_1to1,shm_loan,latency,4194304,1,registry,-1,mw_registryd,50.0,1,0,0,92,1.84,0,50,do_epoll_wait:50
after,shm_loan_latency_4194304_1to1,shm_loan,latency,4194304,1,subscriber,0,mw_bench_subscriber,50.0,12,0,0,52,1.04,0,50,poll_schedule_timeout.constprop.0:44;running:6
after,shm_loan_latency_4194304_1to4,shm_loan,latency,4194304,4,publisher,-1,mw_bench_publisher,50.0,7,0,0,102,2.04,0,50,hrtimer_nanosleep:50
after,shm_loan_latency_4194304_1to4,shm_loan,latency,4194304,4,registry,-1,mw_registryd,50.0,1,0,0,120,2.4,0,50,do_epoll_wait:50
after,shm_loan_latency_4194304_1to4,shm_loan,latency,4194304,4,subscriber,0,mw_bench_subscriber,50.0,16,0,0,52,1.04,0,50,poll_schedule_timeout.constprop.0:49;running:1
after,shm_loan_latency_4194304_1to4,shm_loan,latency,4194304,4,subscriber,1,mw_bench_subscriber,50.0,17,0,0,52,1.04,1,50,poll_schedule_timeout.constprop.0:49;running:1
after,shm_loan_latency_4194304_1to4,shm_loan,latency,4194304,4,subscriber,2,mw_bench_subscriber,50.0,20,0,0,52,1.04,3,50,poll_schedule_timeout.constprop.0:48;running:2
after,shm_loan_latency_4194304_1to4,shm_loan,latency,4194304,4,subscriber,3,mw_bench_subscriber,50.0,20,0,0,52,1.04,3,50,poll_schedule_timeout.constprop.0:48;running:2
after,shm_loan_latency_64_1to1,shm_loan,latency,64,1,publisher,-1,mw_bench_publisher,5000.0,42,0,0,7543,1.5086,0,50,hrtimer_nanosleep:44;running:5;poll_schedule_timeout.constprop.0:1
after,shm_loan_latency_64_1to1,shm_loan,latency,64,1,registry,-1,mw_registryd,5000.0,14,0,0,2563,0.5126,0,50,do_epoll_wait:45;running:5
after,shm_loan_latency_64_1to1,shm_loan,latency,64,1,subscriber,0,mw_bench_subscriber,5000.0,20,19,0,5012,1.0024,0,50,poll_schedule_timeout.constprop.0:42;running:8
after,shm_loan_latency_65536_1to1,shm_loan,latency,65536,1,publisher,-1,mw_bench_publisher,2500.0,35,0,0,5004,2.0016,0,50,hrtimer_nanosleep:43;running:4;poll_schedule_timeout.constprop.0:3
after,shm_loan_latency_65536_1to1,shm_loan,latency,65536,1,registry,-1,mw_registryd,2500.0,15,0,0,2536,1.0144,0,50,do_epoll_wait:48;running:2
after,shm_loan_latency_65536_1to1,shm_loan,latency,65536,1,subscriber,0,mw_bench_subscriber,2500.0,20,9,0,2502,1.0008,1,50,poll_schedule_timeout.constprop.0:44;running:6
after,shm_loan_latency_65536_1to4,shm_loan,latency,65536,4,publisher,-1,mw_bench_publisher,2500.0,59,15,0,5019,2.0076,3,50,hrtimer_nanosleep:41;running:8;poll_schedule_timeout.constprop.0:1
after,shm_loan_latency_65536_1to4,shm_loan,latency,65536,4,registry,-1,mw_registryd,2500.0,17,0,0,2583,1.0332,0,50,do_epoll_wait:46;running:4
after,shm_loan_latency_65536_1to4,shm_loan,latency,65536,4,subscriber,0,mw_bench_subscriber,2500.0,25,11,0,2520,1.008,0,50,poll_schedule_timeout.constprop.0:47;running:3
after,shm_loan_latency_65536_1to4,shm_loan,latency,65536,4,subscriber,1,mw_bench_subscriber,2500.0,23,13,0,2558,1.0232,1,50,poll_schedule_timeout.constprop.0:49;running:1
after,shm_loan_latency_65536_1to4,shm_loan,latency,65536,4,subscriber,2,mw_bench_subscriber,2500.0,24,13,0,2513,1.0052,2,50,poll_schedule_timeout.constprop.0:49;running:1
after,shm_loan_latency_65536_1to4,shm_loan,latency,65536,4,subscriber,3,mw_bench_subscriber,2500.0,24,11,0,2517,1.0068,0,50,poll_schedule_timeout.constprop.0:48;running:2
after,shm_loan_throughput_1048576_1to1,shm_loan,throughput,1048576,1,publisher,-1,mw_bench_publisher,7347.0,237,0,0,11058,1.5051041241322989,5,50,running:33;futex_do_wait:16;poll_schedule_timeout.constprop.0:1
after,shm_loan_throughput_1048576_1to1,shm_loan,throughput,1048576,1,registry,-1,mw_registryd,7347.0,18,0,0,3733,0.5080985436232476,1,50,do_epoll_wait:45;running:5
after,shm_loan_throughput_1048576_1to1,shm_loan,throughput,1048576,1,subscriber,0,mw_bench_subscriber,7347.0,500,0,0,1,0.00013610997686130393,20,50,running:50
after,shm_loan_throughput_4096_1to1,shm_loan,throughput,4096,1,publisher,-1,mw_bench_publisher,498128.0,404,0,0,62818,0.12610814890951724,8,50,running:48;futex_do_wait:1;hrtimer_nanosleep:1
after,shm_loan_throughput_4096_1to1,shm_loan,throughput,4096,1,registry,-1,mw_registryd,498128.0,21,0,0,4411,0.008855153695435712,0,50,do_epoll_wait:46;running:4
after,shm_loan_throughput_4096_1to1,shm_loan,throughput,4096,1,subscriber,0,mw_bench_subscriber,498128.0,449,1,0,7321,0.014697025664086339,9,50,running:46;poll_schedule_timeout.constprop.0:4
after,shm_loan_throughput_4194304_1to1,shm_loan,throughput,4194304,1,publisher,-1,mw_bench_publisher,1915.0,223,0,0,3825,1.9973890339425588,2,50,futex_do_wait:29;running:18;poll_schedule_timeout.constprop.0:2
after,shm_loan_throughput_4194304_1to1,shm_loan,throughput,4194304,1,registry,-1,mw_registryd,1915.0,10,0,0,1948,1.0172323759791122,1,50,do_epoll_wait:47;running:3
after,shm_loan_throughput_4194304_1to1,shm_loan,throughput,4194304,1,subscriber,0,mw_bench_subscriber,1915.0,500,0,0,1,0.0005221932114882506,15,50,running:50
after,shm_loan_throughput_4194304_1to4,shm_loan,throughput,4194304,4,publisher,-1,mw_bench_publisher,1345.0,201,0,0,2779,2.0661710037174723,4,50,futex_do_wait:28;running:20;hrtimer_nanosleep:1
after,shm_loan_throughput_4194304_1to4,shm_loan,throughput,4194304,4,registry,-1,mw_registryd,1345.0,9,0,0,1443,1.0728624535315985,15,50,do_epoll_wait:49;running:1
after,shm_loan_throughput_4194304_1to4,shm_loan,throughput,4194304,4,subscriber,0,mw_bench_subscriber,1345.0,484,0,0,110,0.08178438661710037,7,50,running:49;poll_schedule_timeout.constprop.0:1
after,shm_loan_throughput_4194304_1to4,shm_loan,throughput,4194304,4,subscriber,1,mw_bench_subscriber,1345.0,486,0,0,132,0.09814126394052045,15,50,running:48;poll_schedule_timeout.constprop.0:2
after,shm_loan_throughput_4194304_1to4,shm_loan,throughput,4194304,4,subscriber,2,mw_bench_subscriber,1345.0,484,0,0,130,0.09665427509293681,7,50,running:49;poll_schedule_timeout.constprop.0:1
after,shm_loan_throughput_4194304_1to4,shm_loan,throughput,4194304,4,subscriber,3,mw_bench_subscriber,1345.0,496,0,0,39,0.02899628252788104,9,50,running:49;poll_schedule_timeout.constprop.0:1
after,shm_loan_throughput_64_1to1,shm_loan,throughput,64,1,publisher,-1,mw_bench_publisher,755647.0,444,0,0,12040,0.015933365711767532,8,50,running:46;futex_do_wait:2;hrtimer_nanosleep:1
after,shm_loan_throughput_64_1to1,shm_loan,throughput,64,1,registry,-1,mw_registryd,755647.0,21,0,0,4478,0.005926047479841778,1,50,do_epoll_wait:45;running:5
after,shm_loan_throughput_64_1to1,shm_loan,throughput,64,1,subscriber,0,mw_bench_subscriber,755647.0,431,2,0,9103,0.012046630238722577,15,50,running:44;poll_schedule_timeout.constprop.0:6
after,shm_loan_throughput_65536_1to1,shm_loan,throughput,65536,1,publisher,-1,mw_bench_publisher,86512.0,272,0,0,55428,0.6406972443129277,0,50,running:41;futex_do_wait:6;poll_schedule_timeout.constprop.0:3
after,shm_loan_throughput_65536_1to1,shm_loan,throughput,65536,1,registry,-1,mw_registryd,86512.0,21,0,0,4368,0.05049010541890142,1,50,do_epoll_wait:46;running:4
after,shm_loan_throughput_65536_1to1,shm_loan,throughput,65536,1,subscriber,0,mw_bench_subscriber,86512.0,499,0,0,40,0.00046236360273719255,12,50,running:50
after,shm_loan_throughput_65536_1to4,shm_loan,throughput,65536,4,publisher,-1,mw_bench_publisher,55879.0,413,0,0,20069,0.35915102274557525,12,50,running:46;futex_do_wait:3;hrtimer_nanosleep:1
after,shm_loan_throughput_65536_1to4,shm_loan,throughput,65536,4,registry,-1,mw_registryd,55879.0,23,0,0,4427,0.07922475348520912,5,50,do_epoll_wait:45;running:5
after,shm_loan_throughput_65536_1to4,shm_loan,throughput,65536,4,subscriber,0,mw_bench_subscriber,55879.0,390,0,0,18189,0.32550689883498274,14,50,running:41;poll_schedule_timeout.constprop.0:9
after,shm_loan_throughput_65536_1to4,shm_loan,throughput,65536,4,subscriber,1,mw_bench_subscriber,55879.0,410,0,0,15111,0.27042359383668285,10,50,running:44;poll_schedule_timeout.constprop.0:6
after,shm_loan_throughput_65536_1to4,shm_loan,throughput,65536,4,subscriber,2,mw_bench_subscriber,55879.0,421,0,0,13634,0.24399148159415882,19,50,running:43;poll_schedule_timeout.constprop.0:7
after,shm_loan_throughput_65536_1to4,shm_loan,throughput,65536,4,subscriber,3,mw_bench_subscriber,55879.0,418,0,0,14386,0.2574491311583958,6,50,running:44;poll_schedule_timeout.constprop.0:6
after,uds_latency_1048576_1to1,uds,latency,1048576,1,publisher,-1,mw_bench_publisher,250.0,17,0,0,759,3.036,0,50,hrtimer_nanosleep:48;running:2
after,uds_latency_1048576_1to1,uds,latency,1048576,1,registry,-1,mw_registryd,250.0,0,0,0,80,0.32,0,50,do_epoll_wait:50
after,uds_latency_1048576_1to1,uds,latency,1048576,1,subscriber,0,mw_bench_subscriber,250.0,23,0,0,1172,4.688,0,50,poll_schedule_timeout.constprop.0:46;running:4
after,uds_latency_4096_1to1,uds,latency,4096,1,publisher,-1,mw_bench_publisher,5000.0,30,0,0,5014,1.0028,0,50,hrtimer_nanosleep:45;running:5
after,uds_latency_4096_1to1,uds,latency,4096,1,registry,-1,mw_registryd,5000.0,0,0,0,80,0.016,0,50,do_epoll_wait:50
after,uds_latency_4096_1to1,uds,latency,4096,1,subscriber,0,mw_bench_subscriber,5000.0,21,19,0,5101,1.0202,0,50,poll_schedule_timeout.constprop.0:44;running:6
after,uds_latency_4194304_1to1,uds,latency,4194304,1,publisher,-1,mw_bench_publisher,50.0,11,0,0,477,9.54,0,50,hrtimer_nanosleep:41;running:6;sock_alloc_send_pskb:3
after,uds_latency_4194304_1to1,uds,latency,4194304,1,registry,-1,mw_registryd,50.0,0,0,0,80,1.6,0,50,do_epoll_wait:50
after,uds_latency_4194304_1to1,uds,latency,4194304,1,subscriber,0,mw_bench_subscriber,50.0,19,0,0,932,18.64,1,50,poll_schedule_timeout.constprop.0:37;running:13
after,uds_latency_4194304_1to4,uds,latency,4194304,4,publisher,-1,mw_bench_publisher,50.0,27,0,0,1257,25.14,2,50,hrtimer_nanosleep:37;running:11;sock_alloc_send_pskb:2
after,uds_latency_4194304_1to4,uds,latency,4194304,4,registry,-1,mw_registryd,50.0,1,0,0,123,2.46,0,50,do_epoll_wait:50
after,uds_latency_4194304_1to4,uds,latency,4194304,4,subscriber,0,mw_bench_subscriber,50.0,19,0,0,912,18.24,3,50,poll_schedule_timeout.constprop.0:43;running:7
after,uds_latency_4194304_1to4,uds,latency,4194304,4,subscriber,1,mw_bench_subscriber,50.0,22,0,0,850,17.0,1,50,poll_schedule_timeout.constprop.0:43;running:7
after,uds_latency_4194304_1to4,uds,latency,4194304,4,subscriber,2,mw_bench_subscriber,50.0,22,0,0,840,16.8,0,50,poll_schedule_timeout.constprop.0:44;running:6
after,uds_latency_4194304_1to4,uds,latency,4194304,4,subscriber,3,mw_bench_subscriber,50.0,19,0,0,928,18.56,1,50,poll_schedule_timeout.constprop.0:44;running:6
after,uds_latency_64_1to1,uds,latency,64,1,publisher,-1,mw_bench_publisher,5000.0,26,0,0,5004,1.0008,0,50,hrtimer_nanosleep:48;running:2
after,uds_latency_64_1to1,uds,latency,64,1,registry,-1,mw_registryd,5000.0,0,0,0,80,0.016,0,50,do_epoll_wait:50
after,uds_latency_64_1to1,uds,latency,64,1,subscriber,0,mw_bench_subscriber,5000.0,20,19,0,5002,1.0004,0,50,poll_schedule_timeout.constprop.0:47;running:3
after,uds_latency_65536_1to1,uds,latency,65536,1,publisher,-1,mw_bench_publisher,2500.0,22,0,0,2505,1.002,0,50,hrtimer_nanosleep:49;running:1
after,uds_latency_65536_1to1,uds,latency,65536,1,registry,-1,mw_registryd,2500.0,0,0,0,80,0.032,0,50,do_epoll_wait:50
after,uds_latency_65536_1to1,uds,latency,65536,1,subscriber,0,mw_bench_subscriber,2500.0,25,9,0,2508,1.0032,1,50,poll_schedule_timeout.constprop.0:48;running:2
after,uds_latency_65536_1to4,uds,latency,65536,4,publisher,-1,mw_bench_publisher,2500.0,51,0,0,2510,1.004,0,50,hrtimer_nanosleep:46;running:4
after,uds_latency_65536_1to4,uds,latency,65536,4,registry,-1,mw_registryd,2500.0,0,0,0,102,0.0408,0,50,do_epoll_wait:50
after,uds_latency_65536_1to4,uds,latency,65536,4,subscriber,0,mw_bench_subscriber,2500.0,27,9,0,2514,1.0056,0,50,poll_schedule_timeout.constprop.0:47;running:3
after,uds_latency_65536_1to4,uds,latency,65536,4,subscriber,1,mw_bench_subscriber,2500.0,27,9,0,2516,1.0064,1,50,poll_schedule_timeout.constprop.0:48;running:2
after,uds_latency_65536_1to4,uds,latency,65536,4,subscriber,2,mw_bench_subscriber,2500.0,26,9,0,2524,1.0096,2,50,poll_schedule_timeout.constprop.0:49;running:1
after,uds_latency_65536_1to4,uds,latency,65536,4,subscriber,3,mw_bench_subscriber,2500.0,26,9,0,2516,1.0064,1,50,poll_schedule_timeout.constprop.0:49;running:1
after,uds_throughput_1048576_1to1,uds,throughput,1048576,1,publisher,-1,mw_bench_publisher,5882.0,261,0,0,7277,1.2371642298537913,1,50,running:29;sock_alloc_send_pskb:21
after,uds_throughput_1048576_1to1,uds,throughput,1048576,1,registry,-1,mw_registryd,5882.0,0,0,0,80,0.013600816048962938,0,50,do_epoll_wait:50
after,uds_throughput_1048576_1to1,uds,throughput,1048576,1,subscriber,0,mw_bench_subscriber,5882.0,462,0,0,9953,1.6921115266916016,12,50,running:50
after,uds_throughput_4096_1to1,uds,throughput,4096,1,publisher,-1,mw_bench_publisher,486197.0,214,0,0,8842,0.01818604392869557,3,50,running:29;sock_alloc_send_pskb:21
after,uds_throughput_4096_1to1,uds,throughput,4096,1,registry,-1,mw_registryd,486197.0,0,0,0,80,0.00016454235628767764,0,50,do_epoll_wait:50
after,uds_throughput_4096_1to1,uds,throughput,4096,1,subscriber,0,mw_bench_subscriber,486197.0,497,1,0,377,0.0007754058540056808,19,50,running:50
after,uds_throughput_4194304_1to1,uds,throughput,4194304,1,publisher,-1,mw_bench_publisher,1381.0,275,0,0,2168,1.5698769007965243,2,50,sock_alloc_send_pskb:26;running:23;hrtimer_nanosleep:1
after,uds_throughput_4194304_1to1,uds,throughput,4194304,1,registry,-1,mw_registryd,1381.0,0,0,0,80,0.05792903692976104,0,50,do_epoll_wait:50
after,uds_throughput_4194304_1to1,uds,throughput,4194304,1,subscriber,0,mw_bench_subscriber,1381.0,473,0,0,18631,13.490948587979725,13,50,running:49;poll_schedule_timeout.constprop.0:1
after,uds_throughput_4194304_1to4,uds,throughput,4194304,4,publisher,-1,mw_bench_publisher,827.0,391,0,0,3947,4.7726723095526,6,50,running:43;sock_alloc_send_pskb:7
after,uds_throughput_4194304_1to4,uds,throughput,4194304,4,registry,-1,mw_registryd,827.0,0,0,0,122,0.1475211608222491,0,50,do_epoll_wait:50
after,uds_throughput_4194304_1to4,uds,throughput,4194304,4,subscriber,0,mw_bench_subscriber,827.0,351,0,0,10743,12.990326481257558,13,50,running:35;poll_schedule_timeout.constprop.0:15
after,uds_throughput_4194304_1to4,uds,throughput,4194304,4,subscriber,1,mw_bench_subscriber,827.0,372,0,0,10226,12.365175332527206,11,50,running:42;poll_schedule_timeout.constprop.0:8
after,uds_throughput_4194304_1to4,uds,throughput,4194304,4,subscriber,2,mw_bench_subscriber,827.0,373,0,0,9676,11.70012091898428,11,50,running:41;poll_schedule_timeout.constprop.0:9
after,uds_throughput_4194304_1to4,uds,throughput,4194304,4,subscriber,3,mw_bench_subscriber,827.0,354,0,0,10126,12.244256348246674,14,50,running:39;poll_schedule_timeout.constprop.0:11
after,uds_throughput_64_1to1,uds,throughput,64,1,publisher,-1,mw_bench_publisher,739233.0,197,0,0,4090,0.005532761659720277,0,50,sock_alloc_send_pskb:31;running:19
after,uds_throughput_64_1to1,uds,throughput,64,1,registry,-1,mw_registryd,739233.0,0,0,0,80,0.00010822027696274381,0,50,do_epoll_wait:50
after,uds_throughput_64_1to1,uds,throughput,64,1,subscriber,0,mw_bench_subscriber,739233.0,499,2,0,10,1.3527534620342977e-05,18,50,running:50
after,uds_throughput_65536_1to1,uds,throughput,65536,1,publisher,-1,mw_bench_publisher,88699.0,252,0,0,16131,0.1818622532384807,1,50,running:33;sock_alloc_send_pskb:17
after,uds_throughput_65536_1to1,uds,throughput,65536,1,registry,-1,mw_registryd,88699.0,0,0,0,80,0.0009019267410004622,0,50,do_epoll_wait:50
after,uds_throughput_65536_1to1,uds,throughput,65536,1,subscriber,0,mw_bench_subscriber,88699.0,496,0,0,735,0.008286451932941747,12,50,running:50
after,uds_throughput_65536_1to4,uds,throughput,65536,4,publisher,-1,mw_bench_publisher,41171.0,461,0,0,1947,0.04729056860411455,17,50,running:48;sock_alloc_send_pskb:2
after,uds_throughput_65536_1to4,uds,throughput,65536,4,registry,-1,mw_registryd,41171.0,0,0,0,139,0.003376162833062107,1,50,do_epoll_wait:50
after,uds_throughput_65536_1to4,uds,throughput,65536,4,subscriber,0,mw_bench_subscriber,41171.0,309,0,0,27006,0.6559471472638507,9,50,running:36;poll_schedule_timeout.constprop.0:14
after,uds_throughput_65536_1to4,uds,throughput,65536,4,subscriber,1,mw_bench_subscriber,41171.0,320,0,0,26336,0.6396735566296665,9,50,running:30;poll_schedule_timeout.constprop.0:20
after,uds_throughput_65536_1to4,uds,throughput,65536,4,subscriber,2,mw_bench_subscriber,41171.0,336,0,0,25159,0.6110854727842413,6,50,running:36;poll_schedule_timeout.constprop.0:14
after,uds_throughput_65536_1to4,uds,throughput,65536,4,subscriber,3,mw_bench_subscriber,41171.0,323,0,0,26100,0.6339413664958344,9,50,running:37;poll_schedule_timeout.constprop.0:12;timerqueue_del:1
